SK_ID_CURR,FLAG_OWN_CAR,FLAG_OWN_REALTY,CNT_CHILDREN,AMT_INCOME_TOTAL,AMT_CREDIT,AMT_ANNUITY,REGION_POPULATION_RELATIVE,OWN_CAR_AGE,FLAG_MOBIL,FLAG_EMP_PHONE,FLAG_WORK_PHONE,FLAG_CONT_MOBILE,FLAG_PHONE,FLAG_EMAIL,HOUR_APPR_PROCESS_START,REG_REGION_NOT_LIVE_REGION,REG_REGION_NOT_WORK_REGION,REG_CITY_NOT_LIVE_CITY,REG_CITY_NOT_WORK_CITY,EXT_SOURCE_1,EXT_SOURCE_2,EXT_SOURCE_3,APARTMENTS_AVG,BASEMENTAREA_AVG,YEARS_BEGINEXPLUATATION_AVG,YEARS_BUILD_AVG,COMMONAREA_AVG,ENTRANCES_AVG,FLOORSMAX_AVG,FLOORSMIN_AVG,LANDAREA_AVG,LIVINGAPARTMENTS_AVG,NONLIVINGAPARTMENTS_AVG,NONLIVINGAREA_AVG,EMERGENCYSTATE_MODE,OBS_30_CNT_SOCIAL_CIRCLE,DEF_30_CNT_SOCIAL_CIRCLE,DAYS_LAST_PHONE_CHANGE,FLAG_DOCUMENT_2,FLAG_DOCUMENT_3,FLAG_DOCUMENT_4,FLAG_DOCUMENT_5,FLAG_DOCUMENT_6,FLAG_DOCUMENT_7,FLAG_DOCUMENT_8,FLAG_DOCUMENT_9,FLAG_DOCUMENT_10,FLAG_DOCUMENT_11,FLAG_DOCUMENT_12,FLAG_DOCUMENT_13,FLAG_DOCUMENT_14,FLAG_DOCUMENT_15,FLAG_DOCUMENT_16,FLAG_DOCUMENT_17,FLAG_DOCUMENT_18,FLAG_DOCUMENT_19,FLAG_DOCUMENT_20,FLAG_DOCUMENT_21,AMT_REQ_CREDIT_BUREAU_HOUR,AMT_REQ_CREDIT_BUREAU_DAY,AMT_REQ_CREDIT_BUREAU_WEEK,AMT_REQ_CREDIT_BUREAU_MON,AMT_REQ_CREDIT_BUREAU_QRT,AMT_REQ_CREDIT_BUREAU_YEAR,AGE,YEARS_EMPLOYED,YEARS_REGISTRATION,YEARS_ID_PUBLISH,CREDIT_INCOME_PERCENT,ANNUITY_INCOME_PERCENT,CREDIT_TERM,COUNT(bureau),MAX(bureau.AMT_ANNUITY),MAX(bureau.AMT_CREDIT_MAX_OVERDUE),MAX(bureau.AMT_CREDIT_SUM),MAX(bureau.AMT_CREDIT_SUM_DEBT),MAX(bureau.AMT_CREDIT_SUM_LIMIT),MAX(bureau.AMT_CREDIT_SUM_OVERDUE),MAX(bureau.CNT_CREDIT_PROLONG),MAX(bureau.CREDIT_DAY_OVERDUE),MAX(bureau.DAYS_CREDIT),MAX(bureau.DAYS_CREDIT_ENDDATE),MAX(bureau.DAYS_CREDIT_UPDATE),MAX(bureau.DAYS_ENDDATE_FACT),MEAN(bureau.AMT_ANNUITY),MEAN(bureau.AMT_CREDIT_SUM_DEBT),MEAN(bureau.AMT_CREDIT_SUM_LIMIT),MEAN(bureau.AMT_CREDIT_SUM_OVERDUE),MEAN(bureau.CNT_CREDIT_PROLONG),MEAN(bureau.CREDIT_DAY_OVERDUE),MEAN(bureau.DAYS_CREDIT),MEAN(bureau.DAYS_CREDIT_ENDDATE),MIN(bureau.AMT_ANNUITY),MIN(bureau.AMT_CREDIT_SUM),MIN(bureau.AMT_CREDIT_SUM_DEBT),MIN(bureau.AMT_CREDIT_SUM_LIMIT),MIN(bureau.AMT_CREDIT_SUM_OVERDUE),MIN(bureau.CNT_CREDIT_PROLONG),MIN(bureau.CREDIT_DAY_OVERDUE),MIN(bureau.DAYS_CREDIT_ENDDATE),MIN(bureau.DAYS_CREDIT_UPDATE),COUNT(previous),MAX(previous.AMT_ANNUITY),MAX(previous.AMT_DOWN_PAYMENT),MAX(previous.CNT_PAYMENT),MAX(previous.DAYS_DECISION),MAX(previous.DAYS_FIRST_DRAWING),MAX(previous.DAYS_FIRST_DUE),MAX(previous.DAYS_LAST_DUE),MAX(previous.DAYS_LAST_DUE_1ST_VERSION),MAX(previous.HOUR_APPR_PROCESS_START),MAX(previous.NFLAG_INSURED_ON_APPROVAL),MAX(previous.NFLAG_LAST_APPL_IN_DAY),MAX(previous.RATE_DOWN_PAYMENT),MAX(previous.RATE_INTEREST_PRIMARY),MAX(previous.SELLERPLACE_AREA),MEAN(previous.DAYS_DECISION),MEAN(previous.SELLERPLACE_AREA),MIN(previous.AMT_ANNUITY),MIN(previous.AMT_APPLICATION),MIN(previous.AMT_GOODS_PRICE),MIN(previous.CNT_PAYMENT),MIN(previous.NFLAG_INSURED_ON_APPROVAL),SUM(previous.AMT_ANNUITY),SUM(previous.DAYS_DECISION),SUM(previous.NFLAG_INSURED_ON_APPROVAL),NAME_CONTRACT_TYPE_Cash loans,CODE_GENDER_F,CODE_GENDER_XNA,NAME_TYPE_SUITE_Children,NAME_TYPE_SUITE_Family,NAME_TYPE_SUITE_Group of people,NAME_TYPE_SUITE_Other_A,NAME_TYPE_SUITE_Other_B,"NAME_TYPE_SUITE_Spouse, partner",NAME_TYPE_SUITE_Unaccompanied,NAME_INCOME_TYPE_Businessman,NAME_INCOME_TYPE_Commercial associate,NAME_INCOME_TYPE_Maternity leave,NAME_INCOME_TYPE_State servant,NAME_INCOME_TYPE_Student,NAME_INCOME_TYPE_Unemployed,NAME_INCOME_TYPE_Working,NAME_EDUCATION_TYPE_Academic degree,NAME_EDUCATION_TYPE_Higher education,NAME_EDUCATION_TYPE_Incomplete higher,NAME_EDUCATION_TYPE_Lower secondary,NAME_FAMILY_STATUS_Civil marriage,NAME_FAMILY_STATUS_Married,NAME_FAMILY_STATUS_Separated,NAME_FAMILY_STATUS_Single / not married,NAME_FAMILY_STATUS_Unknown,NAME_FAMILY_STATUS_Widow,NAME_HOUSING_TYPE_Co-op apartment,NAME_HOUSING_TYPE_House / apartment,NAME_HOUSING_TYPE_Municipal apartment,NAME_HOUSING_TYPE_Office apartment,NAME_HOUSING_TYPE_Rented apartment,NAME_HOUSING_TYPE_With parents,OCCUPATION_TYPE_Accountants,OCCUPATION_TYPE_Cleaning staff,OCCUPATION_TYPE_Cooking staff,OCCUPATION_TYPE_Core staff,OCCUPATION_TYPE_Drivers,OCCUPATION_TYPE_HR staff,OCCUPATION_TYPE_High skill tech staff,OCCUPATION_TYPE_IT staff,OCCUPATION_TYPE_Laborers,OCCUPATION_TYPE_Low-skill Laborers,OCCUPATION_TYPE_Managers,OCCUPATION_TYPE_Medicine staff,OCCUPATION_TYPE_Private service staff,OCCUPATION_TYPE_Realty agents,OCCUPATION_TYPE_Sales staff,OCCUPATION_TYPE_Secretaries,OCCUPATION_TYPE_Security staff,OCCUPATION_TYPE_Waiters/barmen staff,REGION_RATING_CLIENT_1,REGION_RATING_CLIENT_2,REGION_RATING_CLIENT_3,WEEKDAY_APPR_PROCESS_START_FRIDAY,WEEKDAY_APPR_PROCESS_START_MONDAY,WEEKDAY_APPR_PROCESS_START_SATURDAY,WEEKDAY_APPR_PROCESS_START_SUNDAY,WEEKDAY_APPR_PROCESS_START_THURSDAY,WEEKDAY_APPR_PROCESS_START_TUESDAY,WEEKDAY_APPR_PROCESS_START_WEDNESDAY,ORGANIZATION_TYPE_Advertising,ORGANIZATION_TYPE_Agriculture,ORGANIZATION_TYPE_Bank,ORGANIZATION_TYPE_Business Entity Type 1,ORGANIZATION_TYPE_Business Entity Type 2,ORGANIZATION_TYPE_Business Entity Type 3,ORGANIZATION_TYPE_Cleaning,ORGANIZATION_TYPE_Construction,ORGANIZATION_TYPE_Culture,ORGANIZATION_TYPE_Electricity,ORGANIZATION_TYPE_Emergency,ORGANIZATION_TYPE_Government,ORGANIZATION_TYPE_Hotel,ORGANIZATION_TYPE_Housing,ORGANIZATION_TYPE_Industry: type 1,ORGANIZATION_TYPE_Industry: type 10,ORGANIZATION_TYPE_Industry: type 11,ORGANIZATION_TYPE_Industry: type 12,ORGANIZATION_TYPE_Industry: type 13,ORGANIZATION_TYPE_Industry: type 2,ORGANIZATION_TYPE_Industry: type 3,ORGANIZATION_TYPE_Industry: type 4,ORGANIZATION_TYPE_Industry: type 5,ORGANIZATION_TYPE_Industry: type 6,ORGANIZATION_TYPE_Industry: type 7,ORGANIZATION_TYPE_Industry: type 8,ORGANIZATION_TYPE_Industry: type 9,ORGANIZATION_TYPE_Insurance,ORGANIZATION_TYPE_Kindergarten,ORGANIZATION_TYPE_Legal Services,ORGANIZATION_TYPE_Medicine,ORGANIZATION_TYPE_Military,ORGANIZATION_TYPE_Mobile,ORGANIZATION_TYPE_Other,ORGANIZATION_TYPE_Police,ORGANIZATION_TYPE_Postal,ORGANIZATION_TYPE_Realtor,ORGANIZATION_TYPE_Religion,ORGANIZATION_TYPE_Restaurant,ORGANIZATION_TYPE_School,ORGANIZATION_TYPE_Security,ORGANIZATION_TYPE_Security Ministries,ORGANIZATION_TYPE_Self-employed,ORGANIZATION_TYPE_Services,ORGANIZATION_TYPE_Telecom,ORGANIZATION_TYPE_Trade: type 1,ORGANIZATION_TYPE_Trade: type 2,ORGANIZATION_TYPE_Trade: type 3,ORGANIZATION_TYPE_Trade: type 4,ORGANIZATION_TYPE_Trade: type 5,ORGANIZATION_TYPE_Trade: type 6,ORGANIZATION_TYPE_Trade: type 7,ORGANIZATION_TYPE_Transport: type 1,ORGANIZATION_TYPE_Transport: type 2,ORGANIZATION_TYPE_Transport: type 3,ORGANIZATION_TYPE_Transport: type 4,ORGANIZATION_TYPE_University,HOUSETYPE_MODE_specific housing,HOUSETYPE_MODE_terraced house,WALLSMATERIAL_MODE_Block,WALLSMATERIAL_MODE_Mixed,WALLSMATERIAL_MODE_Monolithic,WALLSMATERIAL_MODE_Others,WALLSMATERIAL_MODE_Panel,"WALLSMATERIAL_MODE_Stone, brick",WALLSMATERIAL_MODE_Wooden,TARGET
100002,0,1,0,202500,406597.5,24700.5,0.018801,0,1,1,0,1,1,0,10,0,0,0,0,0.083036967,0.262948593,0.13937578,0.0247,0.0369,0.9722,0.6192,0.0143,0.069,0.0833,0.125,0.0369,0.0202,0,0,0,2,2,-1134,0,1,0,0,0,0,0,0,0,0,0,0,0,0,0,0,0,0,0,0,0,0,0,0,0,1,26,2,10,6,2.007888889,0.121977778,0.060749267,8,0,5043.645,450000,245781,31988.565,0,0,0,-103,780,-7,-36,0,49156.2,7997.14125,0,0,0,-874,-349,0,0,0,0,0,0,0,-1072,-1185,1,9251.775,0,24,-606,0,-565,-25,125,9,0,1,0,0,500,-606,500,9251.775,179055,179055,24,0,9251.775,-606,0,1,0,0,0,0,0,0,0,0,1,0,0,0,0,0,0,1,0,0,0,0,0,0,0,1,0,0,0,1,0,0,0,0,0,0,0,0,0,0,0,0,1,0,0,0,0,0,0,0,0,0,0,1,0,0,0,0,0,0,0,1,0,0,0,0,0,1,0,0,0,0,0,0,0,0,0,0,0,0,0,0,0,0,0,0,0,0,0,0,0,0,0,0,0,0,0,0,0,0,0,0,0,0,0,0,0,0,0,0,0,0,0,0,0,0,0,0,0,0,0,0,0,0,0,0,1,0,1
100003,0,0,0,270000,1293502.5,35698.5,0.003541,0,1,1,0,1,1,0,11,0,0,0,0,0.311267311,0.622245775,0,0.0959,0.0529,0.9851,0.796,0.0605,0.0345,0.2917,0.3333,0.013,0.0773,0.0039,0.0098,0,1,0,-828,0,1,0,0,0,0,0,0,0,0,0,0,0,0,0,0,0,0,0,0,0,0,0,0,0,0,46,3,3,1,4.79075,0.132216667,0.027598323,4,0,0,810000,0,810000,0,0,0,-606,1216,-43,-540,0,0,202500,0,0,0,-1400.75,-544.5,0,22248,0,0,0,0,0,-2434,-2131,3,98356.995,6885,12,-746,0,-716,-536,-386,17,1,1,0.100060595,0,1400,-1305,533,6737.31,68809.5,68809.5,6,0,169661.97,-3915,2,1,1,0,0,1,0,0,0,0,0,0,0,0,1,0,0,0,0,1,0,0,0,1,0,0,0,0,0,1,0,0,0,0,0,0,0,1,0,0,0,0,0,0,0,0,0,0,0,0,0,0,1,0,0,0,1,0,0,0,0,0,0,0,0,0,0,0,0,0,0,0,0,0,0,0,0,0,0,0,0,0,0,0,0,0,0,0,0,0,0,0,0,0,0,0,0,0,0,0,0,1,0,0,0,0,0,0,0,0,0,0,0,0,0,0,0,0,0,0,0,1,0,0,0,0,0,0,0
100004,1,1,0,67500,135000,6750,0.010032,26,1,1,1,1,1,0,9,0,0,0,0,0,0.555912083,0.729566691,0,0,0,0,0,0,0,0,0,0,0,0,0,0,0,-815,0,0,0,0,0,0,0,0,0,0,0,0,0,0,0,0,0,0,0,0,0,0,0,0,0,0,52,1,12,7,2,0.1,0.05,2,0,0,94537.8,0,0,0,0,0,-408,-382,-382,-382,0,0,0,0,0,0,-867,-488.5,0,94500,0,0,0,0,0,-595,-682,1,5357.25,4860,4,-815,0,-784,-724,-694,5,0,1,0.212007603,0,30,-815,30,5357.25,24282,24282,4,0,5357.25,-815,0,0,0,0,0,0,0,0,0,0,1,0,0,0,0,0,0,1,0,0,0,0,0,0,0,1,0,0,0,1,0,0,0,0,0,0,0,0,0,0,0,0,1,0,0,0,0,0,0,0,0,0,0,1,0,0,1,0,0,0,0,0,0,0,0,0,0,0,0,0,0,0,0,1,0,0,0,0,0,0,0,0,0,0,0,0,0,0,0,0,0,0,0,0,0,0,0,0,0,0,0,0,0,0,0,0,0,0,0,0,0,0,0,0,0,0,0,0,0,0,0,0,0,0,0,0,0,0,0
100006,0,1,0,135000,312682.5,29686.5,0.008019,0,1,1,0,1,0,0,17,0,0,0,0,0,0.65044169,0,0,0,0,0,0,0,0,0,0,0,0,0,0,2,0,-617,0,1,0,0,0,0,0,0,0,0,0,0,0,0,0,0,0,0,0,0,0,0,0,0,0,0,52,8,27,7,2.316166667,0.2199,0.094941354,0,0,0,0,0,0,0,0,0,0,0,0,0,0,0,0,0,0,0,0,0,0,0,0,0,0,0,0,0,0,9,39954.51,66987,48,-181,0,-151,-151,1259,15,0,1,0.217829888,0,8025,-272.4444444,894.2222222,2482.92,0,26912.34,0,0,141907.05,-2452,0,1,1,0,0,0,0,0,0,0,1,0,0,0,0,0,0,1,0,0,0,0,1,0,0,0,0,0,0,1,0,0,0,0,0,0,0,0,0,0,0,0,1,0,0,0,0,0,0,0,0,0,0,1,0,0,0,0,0,0,0,1,0,0,0,0,0,1,0,0,0,0,0,0,0,0,0,0,0,0,0,0,0,0,0,0,0,0,0,0,0,0,0,0,0,0,0,0,0,0,0,0,0,0,0,0,0,0,0,0,0,0,0,0,0,0,0,0,0,0,0,0,0,0,0,0,0,0,0
100007,0,1,0,121500,513000,21865.5,0.028663,0,1,1,0,1,0,0,11,0,0,0,1,0,0.322738287,0,0,0,0,0,0,0,0,0,0,0,0,0,0,0,0,-1106,0,0,0,0,0,0,1,0,0,0,0,0,0,0,0,0,0,0,0,0,0,0,0,0,0,0,55,8,12,9,4.222222222,0.179962963,0.042622807,1,0,0,146250,0,0,0,0,0,-1149,-783,-783,-783,0,0,0,0,0,0,-1149,-783,0,146250,0,0,0,0,0,-783,-783,6,22678.785,3676.5,48,-374,0,-344,-354,346,15,1,1,0.218889858,0,1200,-1222.833333,409.1666667,1834.29,17176.5,17176.5,10,0,73672.83,-7337,3,1,0,0,0,0,0,0,0,0,1,0,0,0,0,0,0,1,0,0,0,0,0,0,0,1,0,0,0,1,0,0,0,0,0,0,0,1,0,0,0,0,0,0,0,0,0,0,0,0,0,0,0,1,0,0,0,0,0,1,0,0,0,0,0,0,0,0,0,0,0,0,0,0,0,0,0,0,0,0,0,0,0,0,0,0,0,0,0,0,0,0,0,0,0,0,0,0,0,1,0,0,0,0,0,0,0,0,0,0,0,0,0,0,0,0,0,0,0,0,0,0,0,0,0,0,0,0,0
100008,0,1,0,99000,490495.5,27517.5,0.035792,0,1,1,1,1,1,0,16,0,0,0,0,0,0.354224732,0.621226338,0,0,0,0,0,0,0,0,0,0,0,0,0,0,0,-2536,0,1,0,0,0,0,0,0,0,0,0,0,0,0,0,0,0,0,0,0,0,0,0,0,1,1,46,4,14,1,4.9545,0.277954545,0.056101432,3,0,0,267606,240057,0,0,0,0,-78,471,-16,-790,0,80019,0,0,0,0,-757.3333333,-391.3333333,0,95134.5,0,0,0,0,0,-853,-1027,5,25309.575,12145.5,30,-82,0,-339,-69,261,18,1,1,0.110243032,0,110,-1192,73,8019.09,0,44455.5,6,0,63358.785,-5960,1,1,0,0,0,0,0,0,0,1,0,0,0,0,1,0,0,0,0,0,0,0,0,1,0,0,0,0,0,1,0,0,0,0,0,0,0,0,0,0,0,0,1,0,0,0,0,0,0,0,0,0,0,1,0,0,0,0,0,0,0,1,0,0,0,0,0,0,0,0,0,0,0,0,0,0,0,0,0,0,0,0,0,0,0,0,0,0,0,0,0,0,0,0,0,1,0,0,0,0,0,0,0,0,0,0,0,0,0,0,0,0,0,0,0,0,0,0,0,0,0,0,0,0,0,0,0,0,0
100009,1,1,1,171000,1560726,41301,0.035792,17,1,1,0,1,1,0,16,0,0,0,0,0.774761413,0.723999852,0.492060094,0,0,0,0,0,0,0,0,0,0,0,0,0,1,0,-1562,0,0,0,0,0,0,1,0,0,0,0,0,1,0,0,0,0,0,0,0,0,0,0,1,1,2,38,9,3,2,9.127052632,0.241526316,0.026462685,18,0,0,1777500,557959.5,0,0,0,0,-239,1402,-23,-313,0,76953.53571,0,0,0,0,-1271.5,-794.9375,0,35770.5,0,0,0,0,0,-2152,-2152,7,17341.605,22032,12,-74,0,-43,-88,227,18,0,1,0.209524504,0,300,-719.2857143,170,7435.845,40455,40455,6,0,70359.885,-5035,0,1,1,0,0,0,0,0,0,0,1,0,1,0,0,0,0,0,0,1,0,0,0,1,0,0,0,0,0,1,0,0,0,0,1,0,0,0,0,0,0,0,0,0,0,0,0,0,0,0,0,0,0,1,0,0,0,0,1,0,0,0,0,0,0,0,0,1,0,0,0,0,0,0,0,0,0,0,0,0,0,0,0,0,0,0,0,0,0,0,0,0,0,0,0,0,0,0,0,0,0,0,0,0,0,0,0,0,0,0,0,0,0,0,0,0,0,0,0,0,0,0,0,0,0,0,0,0,0
100010,1,1,0,360000,1530000,42075,0.003122,8,1,1,1,1,0,0,16,0,0,0,1,0,0.714279286,0.54065445,0,0,0,0,0,0,0,0,0,0,0,0,0,2,0,-1070,0,1,0,0,0,0,0,0,0,0,0,0,0,0,0,0,0,0,0,0,0,0,0,0,0,0,52,1,13,7,4.25,0.116875,0.0275,2,0,0,675000,348007.5,0,0,0,0,-1138,689,-18,-1138,0,174003.75,0,0,0,0,-1939.5,-119.5,0,315000,0,0,0,0,0,-928,-1138,1,27463.41,0,10,-1070,0,-1039,-769,-769,16,0,1,0,0,8636,-1070,8636,27463.41,247212,247212,10,0,27463.41,-1070,0,1,0,0,0,0,0,0,0,0,1,0,0,0,1,0,0,0,0,1,0,0,0,1,0,0,0,0,0,1,0,0,0,0,0,0,0,0,0,0,0,0,0,0,1,0,0,0,0,0,0,0,0,0,1,0,1,0,0,0,0,0,0,0,0,0,0,0,0,0,0,0,0,0,0,0,0,0,0,0,0,0,0,0,0,0,0,0,0,0,0,0,0,0,0,1,0,0,0,0,0,0,0,0,0,0,0,0,0,0,0,0,0,0,0,0,0,0,0,0,0,0,0,0,0,0,0,0,0
100011,0,1,0,112500,1019610,33826.5,0.018634,0,1,0,0,1,0,0,14,0,0,0,0,0.587334047,0.205747288,0.751723715,0,0,0,0,0,0,0,0,0,0,0,0,0,1,0,0,0,1,0,0,0,0,0,0,0,0,0,0,0,0,0,0,0,0,0,0,0,0,0,0,0,1,55,0,20,10,9.0632,0.30068,0.03317592,4,0,10147.23,145242,0,0,0,0,0,-1309,-860,-965,-968,0,0,0,0,0,0,-1773,-1293.25,0,54000,0,0,0,0,0,-2173,-2172,4,31295.25,13594.5,30,-1162,-2277,-1159,-289,-289,17,1,1,0.100010446,0,1371,-1784.5,342.25,9000,0,0,0,0,54909.585,-7138,2,1,1,0,1,0,0,0,0,0,0,0,0,0,0,0,0,0,0,0,0,0,0,1,0,0,0,0,0,1,0,0,0,0,0,0,0,0,0,0,0,0,0,0,0,0,0,0,0,0,0,0,0,1,0,0,0,0,0,0,0,1,0,0,0,0,0,0,0,0,0,0,0,0,0,0,0,0,0,0,0,0,0,0,0,0,0,0,0,0,0,0,0,0,0,0,0,0,0,0,0,0,0,0,0,0,0,0,0,0,0,0,0,0,0,0,0,0,0,0,0,0,0,0,0,0,0,0,0
100012,0,1,0,135000,405000,20250,0.019689,0,1,1,0,1,0,0,8,0,0,0,0,0,0.746643629,0,0,0,0,0,0,0,0,0,0,0,0,0,0,2,0,-1673,0,0,0,0,0,0,0,0,0,0,0,0,0,0,0,0,0,0,0,0,0,0,0,0,0,0,40,6,40,11,3,0.15,0.05,0,0,0,0,0,0,0,0,0,0,0,0,0,0,0,0,0,0,0,0,0,0,0,0,0,0,0,0,0,0,4,11188.035,0,24,-107,0,-477,-142,33,15,1,1,0,0,42,-779.75,9.75,3012.075,0,18720,12,0,23682.465,-3119,2,0,0,0,0,0,0,0,0,0,1,0,0,0,0,0,0,1,0,0,0,0,0,0,0,1,0,0,0,1,0,0,0,0,0,0,0,0,0,0,0,0,1,0,0,0,0,0,0,0,0,0,0,1,0,0,0,0,0,1,0,0,0,0,0,0,0,0,0,0,0,1,0,0,0,0,0,0,0,0,0,0,0,0,0,0,0,0,0,0,0,0,0,0,0,0,0,0,0,0,0,0,0,0,0,0,0,0,0,0,0,0,0,0,0,0,0,0,0,0,0,0,0,0,0,0,0,0,0
100014,0,1,1,112500,652500,21177,0.0228,0,1,1,0,1,0,0,15,0,0,0,0,0.319760172,0.651862333,0.363945239,0,0,0,0,0,0,0,0,0,0,0,0,0,0,0,-844,0,1,0,0,0,0,0,0,0,0,0,0,0,0,0,0,0,0,0,0,0,0,0,1,0,0,28,2,12,2,5.8,0.18824,0.032455172,8,0,12752.28,900000,420201,0,0,0,0,-376,723,-25,-346,0,151642.8,0,0,0,0,-1095.375,-387.375,0,26194.5,0,0,0,0,0,-2004,-1991,2,14045.625,0,12,-102,0,-64,-483,86,14,0,1,0,0,1500,-473,765,11567.475,73800,73800,6,0,25613.1,-946,0,1,1,0,0,0,0,0,0,0,1,0,0,0,0,0,0,1,0,1,0,0,0,1,0,0,0,0,0,1,0,0,0,0,0,0,0,1,0,0,0,0,0,0,0,0,0,0,0,0,0,0,0,1,0,0,0,1,0,0,0,0,0,0,0,0,0,0,0,0,0,0,0,0,0,0,0,0,0,0,0,0,0,0,0,0,0,0,0,0,0,0,1,0,0,0,0,0,0,0,0,0,0,0,0,0,0,0,0,0,0,0,0,0,0,0,0,0,0,0,0,0,0,0,0,0,0,0,0
100015,0,1,0,38419.155,148365,10678.5,0.015221,0,1,0,0,1,1,0,7,0,0,0,0,0.72204445,0.555183162,0.652896552,0,0,0,0,0,0,0,0,0,0,0,0,0,0,0,-2396,0,0,0,0,1,0,0,0,0,0,0,0,0,0,0,0,0,0,0,0,0,0,0,0,0,2,56,0,14,7,3.861745528,0.27794729,0.071974522,4,0,0,131103,0,0,0,0,0,-319,-16,-3,-8,0,0,0,0,0,0,-947.75,-598.25,0,89752.5,0,0,0,0,0,-1045,-904,1,7666.92,6885,10,-2396,0,-2360,-2090,-2090,8,1,1,0.101381668,0,110,-2396,110,7666.92,68850,68850,10,1,7666.92,-2396,1,1,1,0,1,0,0,0,0,0,0,0,0,0,0,0,0,0,0,0,0,0,0,1,0,0,0,0,0,1,0,0,0,0,0,0,0,0,0,0,0,0,0,0,0,0,0,0,0,0,0,0,0,1,0,1,0,0,0,0,0,0,0,0,0,0,0,0,0,0,0,0,0,0,0,0,0,0,0,0,0,0,0,0,0,0,0,0,0,0,0,0,0,0,0,0,0,0,0,0,0,0,0,0,0,0,0,0,0,0,0,0,0,0,0,0,0,0,0,0,0,0,0,0,0,0,0,0,0
100016,0,1,0,67500,80865,5881.5,0.031329,0,1,1,1,1,1,0,10,0,0,0,0,0.464831117,0.715041819,0.176652579,0.0825,0,0.9811,0,0,0.2069,0.1667,0,0.0135,0,0,0,0,0,0,-2370,0,1,0,0,0,0,0,0,0,0,0,0,0,0,0,0,0,0,0,0,0,0,0,1,0,0,37,7,1,9,1.198,0.087133333,0.072732332,7,0,0,91264.5,63724.5,0,0,0,0,-128,845,-3,-347,0,12744.9,0,0,0,0,-618.4285714,-217.1428571,0,22086,0,0,0,0,0,-1369,-1367,4,14480.46,58050,24,-1049,0,-1017,-537,-327,14,1,1,0.217818182,0,200,-1779.5,167.5,6042.915,47115,47115,8,0,34372.62,-7118,1,1,1,0,0,0,0,0,0,0,1,0,0,0,0,0,0,1,0,0,0,0,0,1,0,0,0,0,0,1,0,0,0,0,0,0,0,0,0,0,0,0,1,0,0,0,0,0,0,0,0,0,0,1,0,1,0,0,0,0,0,0,0,0,0,0,1,0,0,0,0,0,0,0,0,0,0,0,0,0,0,0,0,0,0,0,0,0,0,0,0,0,0,0,0,0,0,0,0,0,0,0,0,0,0,0,0,0,0,0,0,0,0,0,0,0,0,0,0,0,0,0,0,0,0,0,0,0,0
100017,1,0,1,225000,918468,28966.5,0.016612,23,1,1,0,1,0,0,13,0,0,0,0,0,0.566906613,0.77008707,0.1474,0.0973,0.9806,0.7348,0.0582,0.1379,0.3333,0.375,0.0931,0.1202,0,0,0,0,0,-4,0,1,0,0,0,0,0,0,0,0,0,0,0,0,0,0,0,0,0,0,0,0,0,0,0,1,39,8,2,13,4.08208,0.12874,0.031537843,6,0,0,315000,0,0,0,0,0,-909,197,-623,-738,0,0,0,0,0,0,-1944.333333,-1512.333333,0,25231.5,0,0,0,0,0,-2546,-2575,2,16967.295,22500,24,-612,0,-581,-2128,109,18,1,1,0.110925721,0,2500,-1526.5,1454,11783.52,158040,158040,10,0,28750.815,-3053,1,1,0,0,0,0,0,0,0,0,1,0,0,0,0,0,0,1,0,0,0,0,0,1,0,0,0,0,0,1,0,0,0,0,0,0,0,0,1,0,0,0,0,0,0,0,0,0,0,0,0,0,0,1,0,0,0,0,0,1,0,0,0,0,0,0,0,0,0,0,0,0,0,0,0,0,0,0,0,0,0,0,0,0,0,0,0,0,0,0,0,0,0,0,0,0,0,0,0,0,0,0,0,0,1,0,0,0,0,0,0,0,0,0,0,0,0,0,0,0,0,0,0,0,0,1,0,0,0
100018,0,1,0,189000,773680.5,32778,0.010006,0,1,1,0,1,0,0,9,0,0,0,0,0.721939769,0.642656205,0,0.3495,0.1335,0.9985,0.9796,0.1143,0.1724,0.6667,0.7083,0.1758,0.2849,0.0193,0.1001,0,0,0,-188,0,1,0,0,0,0,0,0,0,0,0,0,0,0,0,0,0,0,0,0,0,0,0,0,0,0,40,1,2,6,4.093547619,0.173428571,0.042366326,0,0,0,0,0,0,0,0,0,0,0,0,0,0,0,0,0,0,0,0,0,0,0,0,0,0,0,0,0,0,4,94906.035,57181.5,12,-188,0,-149,-787,121,16,0,1,0.108916805,0,1200,-755.25,619.5,4180.365,36805.365,36805.365,6,0,154678.815,-3021,0,1,1,0,0,0,0,0,0,0,1,0,0,0,0,0,0,1,0,0,0,0,0,1,0,0,0,0,0,1,0,0,0,0,0,0,0,0,0,0,0,0,1,0,0,0,0,0,0,0,0,0,0,1,0,0,1,0,0,0,0,0,0,0,0,0,0,0,0,0,0,0,0,0,0,0,0,0,0,0,0,0,0,0,0,0,0,0,0,0,0,0,0,0,0,0,0,0,0,0,0,0,0,0,0,0,0,0,0,0,0,0,0,0,0,1,0,0,0,0,0,0,0,0,0,1,0,0,0
100019,1,1,0,157500,299772,20160,0.020713,17,1,1,0,1,0,0,6,0,0,1,1,0.115634337,0.346633981,0.678567689,0,0,0,0,0,0,0,0,0,0,0,0,0,0,0,-925,0,0,0,0,0,0,1,0,0,0,0,0,0,0,0,0,0,0,0,0,0,0,0,0,0,1,24,3,10,4,1.903314286,0.128,0.067251111,2,27000,0,450000,245470.14,270000,0,0,0,-495,10463,-7,0,27000,122735.07,135000,0,0,0,-495,5441,27000,270000,0,0,0,0,0,419,-46,1,10518.615,0,12,-925,0,-894,-714,-564,10,0,1,0,0,1000,-925,1000,10518.615,84136.5,84136.5,12,0,10518.615,-925,0,1,0,0,0,1,0,0,0,0,0,0,0,0,0,0,0,1,0,0,0,0,0,0,0,1,0,0,0,0,0,0,1,0,0,0,0,0,0,0,0,0,1,0,0,0,0,0,0,0,0,0,0,0,1,0,0,1,0,0,0,0,0,0,0,0,1,0,0,0,0,0,0,0,0,0,0,0,0,0,0,0,0,0,0,0,0,0,0,0,0,0,0,0,0,0,0,0,0,0,0,0,0,0,0,0,0,0,0,0,0,0,0,0,0,0,0,0,0,0,0,0,0,0,0,0,0,0,0
100020,0,0,0,108000,509602.5,26149.5,0.018634,0,1,1,0,1,0,0,12,0,0,1,1,0,0.23637784,0.062103038,0,0,0,0,0,0,0,0,0,0,0,0,0,0,0,-3,0,1,0,0,0,0,0,0,0,0,0,0,0,0,0,0,0,0,0,0,0,0,0,0,1,0,35,4,18,11,4.718541667,0.242125,0.051313524,4,0,0,135000,117243,0,0,0,0,-90,277,-28,-135,0,30772.125,0,0,0,0,-261.5,-32.5,0,16200,0,0,0,0,0,-311,-310,2,8779.77,0,8,-243,0,-211,-291,-1,11,0,1,0,0,550,-357.5,300,5729.265,32512.5,32512.5,6,0,14509.035,-715,0,1,0,0,0,0,0,0,0,0,1,0,0,0,0,0,0,1,0,0,0,0,0,1,0,0,0,0,0,1,0,0,0,0,0,0,0,0,1,0,0,0,0,0,0,0,0,0,0,0,0,0,0,1,0,0,0,0,0,1,0,0,0,0,0,0,0,0,0,0,0,0,0,1,0,0,0,0,0,0,0,0,0,0,0,0,0,0,0,0,0,0,0,0,0,0,0,0,0,0,0,0,0,0,0,0,0,0,0,0,0,0,0,0,0,0,0,0,0,0,0,0,0,0,0,0,0,0,0
100021,0,1,1,81000,270000,13500,0.010966,0,1,1,0,1,0,0,10,0,0,1,1,0,0.683513346,0,0,0,0,0,0,0,0,0,0,0,0,0,0,4,0,-2811,0,0,0,0,0,0,0,0,0,0,0,0,0,0,0,0,0,0,0,0,0,0,0,0,0,0,27,1,11,7,3.333333333,0.166666667,0.05,0,0,0,0,0,0,0,0,0,0,0,0,0,0,0,0,0,0,0,0,0,0,0,0,0,0,0,0,0,0,6,33750,9922.5,12,-261,0,-230,-505,100,19,0,1,0.433538596,0,6000,-943.8333333,2073,2709.45,0,22428,0,0,64116.99,-5663,0,0,1,0,0,0,0,0,0,0,1,0,0,0,0,0,0,1,0,0,0,0,0,1,0,0,0,0,0,1,0,0,0,0,0,0,0,0,0,0,0,0,1,0,0,0,0,0,0,0,0,0,0,1,0,0,1,0,0,0,0,0,0,0,0,0,0,0,0,1,0,0,0,0,0,0,0,0,0,0,0,0,0,0,0,0,0,0,0,0,0,0,0,0,0,0,0,0,0,0,0,0,0,0,0,0,0,0,0,0,0,0,0,0,0,0,0,0,0,0,0,0,0,0,0,0,0,0,0
100022,0,1,0,112500,157500,7875,0.04622,0,1,1,0,1,1,0,13,0,0,0,0,0,0.706428403,0.556727426,0.0278,0.0617,0.9881,0.8368,0.0018,0.1034,0.0833,0.125,0.0279,0.0227,0,0,0,8,0,-239,0,1,0,0,0,0,0,0,0,0,0,0,0,0,0,0,0,0,0,0,0,0,0,0,0,0,49,21,24,3,1.4,0.07,0.05,2,0,0,765000,205276.5,0,0,0,0,-289,1439,-18,0,0,205276.5,0,0,0,0,-337,940,0,292500,205276.5,0,0,0,0,441,-38,1,6765.975,0,18,-239,0,-209,0,301,18,1,1,0,0,-1,-239,-1,6765.975,89091,89091,18,1,6765.975,-239,1,0,1,0,0,0,0,1,0,0,0,0,0,0,0,0,0,1,0,0,0,0,0,0,0,0,0,1,0,1,0,0,0,0,0,0,0,0,0,0,0,0,1,0,0,0,0,0,0,0,0,0,1,0,0,1,0,0,0,0,0,0,0,0,0,0,0,0,0,0,0,0,0,0,0,1,0,0,0,0,0,0,0,0,0,0,0,0,0,0,0,0,0,0,0,0,0,0,0,0,0,0,0,0,0,0,0,0,0,0,0,0,0,0,0,0,0,0,0,0,0,0,0,0,0,0,1,0,0
100023,0,1,1,90000,544491,17563.5,0.015221,0,1,1,1,1,1,0,12,0,0,0,0,0,0.58661714,0.477649155,0,0,0,0,0,0,0,0,0,0,0,0,0,0,0,-1850,0,1,0,0,0,0,0,0,0,0,0,0,0,0,0,0,0,0,0,0,0,0,0,0,0,2,31,6,3,11,6.0499,0.19515,0.032256732,13,0,5980.05,444078,70443,0,0,0,0,-157,1669,-5,-138,0,13703.85,0,0,0,0,-1164.384615,-364.9166667,0,22500,0,0,0,0,0,-2228,-2287,4,16822.44,9000,24,-262,0,-232,-142,458,11,1,1,0.101379531,0,1500,-1215.75,382,2250,45000,45000,0,0,35583.57,-4863,2,1,1,0,0,0,0,0,0,0,1,0,0,0,1,0,0,0,0,1,0,0,0,0,0,1,0,0,0,1,0,0,0,0,0,0,0,1,0,0,0,0,0,0,0,0,0,0,0,0,0,0,0,1,0,0,1,0,0,0,0,0,0,0,0,0,0,0,0,0,0,0,0,0,0,0,0,0,0,0,0,0,0,0,0,0,0,0,0,0,1,0,0,0,0,0,0,0,0,0,0,0,0,0,0,0,0,0,0,0,0,0,0,0,0,0,0,0,0,0,0,0,0,0,0,0,0,0,0
100024,1,1,0,135000,427500,21375,0.015221,7,1,1,0,1,0,0,13,0,0,0,0,0.565654882,0.113374513,0,0.0722,0.0801,0.9781,0.7008,0,0.1379,0.1667,0.0417,0.0534,0.0588,0,0,0,0,0,-296,0,0,0,0,0,0,0,0,0,0,0,0,0,0,0,0,0,0,0,0,0,0,0,0,0,0,50,12,1,5,3.166666667,0.158333333,0.05,0,0,0,0,0,0,0,0,0,0,0,0,0,0,0,0,0,0,0,0,0,0,0,0,0,0,0,0,0,0,0,0,0,0,0,0,0,0,0,0,0,0,0,0,0,0,0,0,0,0,0,0,0,0,0,0,0,0,0,0,0,0,0,0,1,0,0,0,0,0,0,1,0,0,0,0,0,1,0,0,0,0,0,1,0,0,0,0,0,0,0,0,0,0,0,0,1,0,0,0,0,0,0,0,0,0,0,1,0,1,0,0,0,0,0,0,0,0,0,0,0,0,0,0,0,0,0,0,0,0,0,0,0,0,0,0,0,0,0,0,0,0,0,0,0,0,0,0,0,0,0,0,0,0,0,0,0,0,1,0,0,0,0,0,0,0,0,0,0,0,0,0,0,0,0,0,0,0,0,0,1,0,0
100025,1,1,1,202500,1132573.5,37561.5,0.025164,14,1,1,0,1,0,0,9,0,0,0,0,0.43770902,0.233766958,0.542445144,0,0,0,0,0,0,0,0,0,0,0,0,0,0,0,0,0,1,0,0,0,0,0,0,0,0,0,0,0,0,0,0,0,0,0,0,0,0,0,0,1,4,41,5,6,6,5.592955556,0.185488889,0.033164735,1,0,0,2452500,1886544,0,0,0,0,-700,1124,-49,0,0,1886544,0,0,0,0,-700,1124,0,2452500,1886544,0,0,0,0,1124,-49,8,55678.095,23382,24,-7,0,-858,-678,176,17,1,1,0.42306492,0,911,-731,120.75,7159.545,0,58455,6,0,193519.17,-5848,3,1,1,0,0,0,0,0,0,0,1,0,1,0,0,0,0,0,0,0,0,0,0,1,0,0,0,0,0,1,0,0,0,0,0,0,0,0,0,0,0,0,0,0,0,0,0,0,1,0,0,0,0,1,0,0,1,0,0,0,0,0,0,0,0,0,0,0,0,0,0,0,0,0,0,0,0,0,0,0,0,0,0,0,0,0,0,0,0,0,0,0,0,0,0,0,0,0,0,0,0,0,0,0,0,0,0,0,0,0,0,0,0,1,0,0,0,0,0,0,0,0,0,0,0,0,0,0,0
100026,0,0,1,450000,497520,32521.5,0.020713,0,1,1,0,1,0,0,6,0,0,0,0,0,0.457142972,0.358951229,0.0907,0.0795,0.9786,0.7076,0.012,0.2069,0.1667,0.2083,0.0898,0.0723,0.0077,0.0044,0,0,0,-468,0,1,0,0,0,0,0,0,0,0,0,0,0,0,0,0,0,0,0,0,0,0,0,0,0,5,31,12,0,7,1.1056,0.07227,0.065367221,3,0,0,2700000,2542576.5,0,0,0,0,-148,1581,-7,-916,0,1738907.19,0,0,0,0,-679,899,0,1350000,935237.88,0,0,0,0,217,-914,3,42778.845,0,36,-152,0,-438,-408,612,12,1,1,0,0,200,-682.3333333,66,23608.485,0,132345,6,0,66387.33,-2047,1,1,1,0,0,0,0,0,0,0,1,0,0,0,0,0,0,1,0,0,0,0,0,1,0,0,0,0,0,0,0,0,1,0,0,0,0,0,0,0,0,0,0,0,0,0,0,0,1,0,0,0,0,0,1,0,0,0,0,1,0,0,0,0,0,0,0,0,0,0,0,0,0,0,0,0,0,0,0,0,0,0,0,0,0,0,0,0,0,0,0,0,0,0,0,0,0,0,0,0,0,0,0,0,1,0,0,0,0,0,0,0,0,0,0,0,0,0,0,0,0,0,0,0,0,1,0,0,0
100027,0,1,0,83250,239850,23850,0.006296,0,1,0,0,1,1,0,12,0,0,0,0,0,0.624304737,0.669056695,0.1443,0.0848,0.9876,0.83,0.1064,0.1207,0.375,0.4167,0.2371,0.1173,0.0019,0.0007,0,0,0,-795,0,0,0,0,1,0,0,0,0,0,0,0,0,0,0,0,0,0,0,0,0,0,0,0,0,3,68,0,25,10,2.881081081,0.286486486,0.099437148,3,0,5130,427500,376713,0,0,0,0,-143,944,-3,-130,0,125571,0,0,0,0,-793,-278.3333333,0,40297.5,0,0,0,0,0,-1649,-1675,4,28077.57,0,12,-181,0,-441,-111,-111,16,1,1,0,0,2200,-407,557.25,21569.22,0,202500,10,0,72203.265,-1628,1,1,1,0,0,0,0,0,0,0,1,0,0,0,0,0,0,0,0,0,0,0,0,1,0,0,0,0,0,1,0,0,0,0,0,0,0,0,0,0,0,0,0,0,0,0,0,0,0,0,0,0,0,0,1,1,0,0,0,0,0,0,0,0,0,0,0,0,0,0,0,0,0,0,0,0,0,0,0,0,0,0,0,0,0,0,0,0,0,0,0,0,0,0,0,0,0,0,0,0,0,0,0,0,0,0,0,0,0,0,0,0,0,0,0,0,0,0,0,0,0,0,1,0,0,0,0,0,0
100029,1,0,2,135000,247500,12703.5,0.026392,7,1,1,0,1,0,0,14,0,0,0,1,0,0.786179309,0.565607981,0.1433,0.1455,0.9861,0.8096,0.0212,0.3103,0.1667,0.2083,0.0861,0.1168,0,0.0043,0,1,1,-4,0,1,0,0,0,0,0,0,0,0,0,0,0,0,0,0,0,0,0,0,0,0,0,0,0,0,31,2,0,10,1.833333333,0.0941,0.051327273,4,0,0,3735000,3682287,0,0,0,0,-110,1563,-17,-1266,0,1227429,0,0,0,0,-1416.75,-336.3333333,0,24016.5,0,0,0,0,0,-1286,-2064,1,22891.68,0,6,-324,0,-293,-203,-143,18,0,1,0,0,18,-324,18,22891.68,126000,126000,6,0,22891.68,-324,0,1,0,0,0,0,0,0,0,0,1,0,0,0,0,0,0,1,0,0,0,0,0,1,0,0,0,0,0,1,0,0,0,0,0,0,0,0,1,0,0,0,0,0,0,0,0,0,0,0,0,0,0,1,0,0,0,0,0,1,0,0,0,0,0,0,0,1,0,0,0,0,0,0,0,0,0,0,0,0,0,0,0,0,0,0,0,0,0,0,0,0,0,0,0,0,0,0,0,0,0,0,0,0,0,0,0,0,0,0,0,0,0,0,0,0,0,0,0,0,0,0,0,0,0,1,0,0,0
100030,0,1,0,90000,225000,11074.5,0.028663,0,1,1,0,1,1,0,8,0,0,0,0,0.561948409,0.651405637,0.461482391,0.0722,0.0147,0.9781,0.7008,0.001,0.1379,0.1667,0.0417,0.0498,0.0588,0,0,0,0,0,0,0,1,0,0,0,0,0,0,0,0,0,0,0,0,0,0,0,0,0,0,0,0,0,0,0,0,53,10,7,8,2.5,0.12305,0.04922,6,0,0,508500,432301.5,25656.03,0,0,0,-418,1409,-9,-127,0,75273.75,4276.005,0,0,0,-930.8333333,-61.6,0,0,0,0,0,0,0,-1173,-1173,12,9035.685,6714,12,-378,0,-347,-227,-197,16,0,1,0.210919475,0,500,-1981.083333,75.83333333,2826.45,17055,17055,4,0,37848.33,-23773,0,1,1,0,0,0,0,0,0,0,1,0,0,0,0,0,0,1,0,0,0,0,0,1,0,0,0,0,0,1,0,0,0,0,0,1,0,0,0,0,0,0,0,0,0,0,0,0,0,0,0,0,0,1,0,0,0,1,0,0,0,0,0,0,0,0,0,1,0,0,0,0,0,0,0,0,0,0,0,0,0,0,0,0,0,0,0,0,0,0,0,0,0,0,0,0,0,0,0,0,0,0,0,0,0,0,0,0,0,0,0,0,0,0,0,0,0,0,0,0,0,0,0,0,0,0,1,0,0
100031,0,1,0,112500,979992,27076.5,0.018029,0,1,1,0,1,0,0,9,0,0,0,0,0,0.54847716,0.190705948,0.0165,0.0089,0.9732,0,0,0.069,0.0417,0,0.0265,0,0,0,1,10,1,-161,0,1,0,0,0,0,0,0,0,0,0,0,0,0,1,0,0,0,0,0,0,0,0,0,2,2,51,7,18,5,8.71104,0.24068,0.027629307,7,0,0,1350000,1125000,0,0,0,0,-75,1021,-9,-73,0,562500,0,0,0,0,-579.5714286,468.6,0,90000,0,0,0,0,0,-269,-989,0,0,0,0,0,0,0,0,0,0,0,0,0,0,0,0,0,0,0,0,0,0,0,0,0,1,1,0,0,0,0,0,0,0,1,0,0,0,0,0,0,1,0,0,0,0,0,0,0,0,0,1,0,1,0,0,0,0,0,0,1,0,0,0,0,0,0,0,0,0,0,0,0,0,0,0,0,0,1,0,1,0,0,0,0,0,0,0,0,0,0,1,0,0,0,0,0,0,0,0,0,0,0,0,0,0,0,0,0,0,0,0,0,0,0,0,0,0,0,0,0,0,0,0,0,0,0,0,0,0,0,0,0,0,0,0,0,0,0,0,0,0,0,0,0,0,0,0,0,0,0,1,1
100032,0,1,1,112500,327024,23827.5,0.019101,0,1,1,0,1,0,0,10,0,0,0,1,0,0.541123702,0.659405532,0,0,0,0,0,0,0,0,0,0,0,0,0,2,0,-2,0,1,0,0,0,0,0,0,0,0,0,0,0,0,0,0,0,0,0,0,0,0,0,0,0,0,44,3,16,9,2.90688,0.2118,0.072861625,4,17437.5,0,454500,0,0,0,0,0,-556,-191,-54,-586,17437.5,0,0,0,0,0,-1071,-525.25,17437.5,152910,0,0,0,0,0,-662,-652,1,7910.145,27000,6,-1497,0,-1466,-1316,-1316,10,0,1,0.424596846,0,246,-1497,246,7910.145,69255,69255,6,0,7910.145,-1497,0,1,0,0,0,1,0,0,0,0,0,0,0,0,0,0,0,1,0,0,0,0,0,1,0,0,0,0,0,1,0,0,0,0,0,0,0,0,0,0,0,0,1,0,0,0,0,0,0,0,0,0,0,1,0,0,0,1,0,0,0,0,0,0,0,0,0,0,0,0,0,0,0,0,0,0,0,0,1,0,0,0,0,0,0,0,0,0,0,0,0,0,0,0,0,0,0,0,0,0,0,0,0,0,0,0,0,0,0,0,0,0,0,0,0,0,0,0,0,0,0,0,0,0,0,0,0,0,0
100033,1,1,0,270000,790830,57676.5,0.04622,1,1,1,0,1,0,1,11,0,1,0,0,0.600395905,0.68501099,0.524496446,0,0,0,0,0,0,0,0,0,0,0,0,0,0,0,-849,0,0,0,0,0,0,1,0,0,0,0,0,0,0,0,0,0,0,0,0,0,0,0,1,0,1,27,5,13,7,2.929,0.213616667,0.072931604,1,0,0,675000,0,0,0,0,0,-195,913,-169,0,0,0,0,0,0,0,-195,913,0,675000,0,0,0,0,0,913,-169,1,5542.92,5364,12,-849,0,-818,-488,-488,14,0,1,0.099532037,0,20,-849,20,5542.92,53599.5,53599.5,12,0,5542.92,-849,0,1,0,0,0,0,0,0,0,0,1,0,0,0,1,0,0,0,0,1,0,0,0,0,0,1,0,0,0,1,0,0,0,0,0,0,0,0,0,0,0,0,0,0,0,0,0,0,0,0,0,0,1,0,0,0,0,0,0,0,0,1,0,0,0,0,0,0,0,0,0,0,0,0,0,0,0,0,0,0,0,0,0,0,0,0,0,0,0,0,0,0,0,1,0,0,0,0,0,0,0,0,0,0,0,0,0,0,0,0,0,0,0,0,0,0,0,0,0,0,0,0,0,0,0,0,0,0,0
100034,0,1,0,90000,180000,9000,0.030755,0,1,1,0,1,0,0,16,0,0,0,0,0.297913509,0.502779038,0,0.1505,0.0838,0.9831,0.7688,0.0188,0.1379,0.3333,0.375,0.0872,0.121,0.0077,0.0061,0,0,0,-599,0,0,0,0,0,0,0,0,0,0,0,0,0,0,0,0,0,0,0,0,0,0,0,0,0,0,28,3,13,8,2,0.1,0.05,0,0,0,0,0,0,0,0,0,0,0,0,0,0,0,0,0,0,0,0,0,0,0,0,0,0,0,0,0,0,2,22430.43,12145.5,6,-288,0,-257,-167,-107,19,1,1,0.103966907,0,126,-443.5,62.5,21281.13,94500,94500,6,0,43711.56,-887,1,0,0,0,0,0,0,0,0,0,1,0,0,0,0,0,0,1,0,1,0,0,0,0,0,1,0,0,0,0,0,0,0,1,0,0,0,0,0,0,0,0,1,0,0,0,0,0,0,0,0,0,0,1,0,0,0,0,0,0,1,0,0,0,0,0,0,1,0,0,0,0,0,0,0,0,0,0,0,0,0,0,0,0,0,0,0,0,0,0,0,0,0,0,0,0,0,0,0,0,0,0,0,0,0,0,0,0,0,0,0,0,0,0,0,0,0,0,0,0,0,0,0,0,0,1,0,0,0
100035,0,1,0,292500,665892,24592.5,0.025164,0,1,1,0,1,0,1,13,0,0,0,0,0,0.479987342,0.410102573,0.0124,0,0.9697,0,0,0.069,0.0417,0,0,0,0,0,0,0,0,-1634,0,1,0,0,0,0,0,0,0,0,0,0,0,0,0,0,0,0,0,0,0,0,0,1,0,5,42,7,14,10,2.276553846,0.084076923,0.036931665,9,0,22518,1471500,1309194,0,0,0,0,-184,9980,-8,-1346,0,410874.3,0,0,0,0,-1399.333333,487,0,17284.5,0,0,0,0,0,-2539,-2508,22,37279.665,9360,60,-119,0,-693,-627,-3,15,1,1,0.101385382,0,2390,-558.1818182,112.2272727,5413.365,0,25087.5,6,0,189857.52,-12280,5,1,1,0,0,0,0,0,0,0,1,0,1,0,0,0,0,0,0,0,0,0,1,0,0,0,0,0,0,1,0,0,0,0,0,0,0,0,0,0,0,0,0,0,0,0,0,0,0,0,0,0,0,1,0,0,0,0,0,0,0,1,0,0,0,0,0,1,0,0,0,0,0,0,0,0,0,0,0,0,0,0,0,0,0,0,0,0,0,0,0,0,0,0,0,0,0,0,0,0,0,0,0,0,0,0,0,0,0,0,0,0,0,0,0,0,0,0,0,0,0,0,0,0,1,0,0,0,0
100036,0,1,0,112500,512064,25033.5,0.008575,0,1,1,0,1,0,0,12,0,0,0,0,0.274422372,0.627300401,0,0.367,0.3751,0.9901,0,0,0.4828,0.375,0,0.1569,0,0,0,0,2,0,-397,0,1,0,0,0,0,0,0,0,0,0,0,0,0,0,0,0,0,0,0,0,0,0,0,2,5,31,3,21,8,4.55168,0.22252,0.048887444,1,0,0,94959,8339.355,0,0,0,0,-889,-462,-519,0,0,8339.355,0,0,0,0,-889,-462,0,94959,8339.355,0,0,0,0,-462,-519,8,13290.3,0,24,-39,0,-365,-35,-35,18,0,1,0,0,10000,-222.125,3249.625,2250,0,45000,0,0,43069.77,-1777,0,1,1,0,0,1,0,0,0,0,0,0,0,0,0,0,0,1,0,0,0,0,1,0,0,0,0,0,0,1,0,0,0,0,0,0,0,0,0,0,0,0,0,0,0,0,1,0,0,0,0,0,0,1,0,0,0,0,0,0,1,0,0,0,0,0,0,0,0,0,0,0,0,0,0,0,0,0,0,0,0,0,0,0,0,0,0,0,0,0,0,0,0,0,0,0,0,0,0,0,0,0,0,0,0,1,0,0,0,0,0,0,0,0,0,0,0,0,0,0,0,1,0,0,0,0,0,0,0
100037,0,0,0,90000,199008,20893.5,0.010032,0,1,1,1,1,0,0,11,0,0,0,0,0,0.559466792,0.798137231,0.0928,0,0.9801,0,0,0.2069,0.1667,0,0,0,0,0.0436,0,0,0,-2766,0,1,0,0,0,0,0,0,0,0,0,0,0,0,0,0,0,0,0,0,0,0,0,0,0,2,36,12,20,12,2.2112,0.23215,0.104988242,8,0,0,108000,0,0,0,0,0,-1247,-1063,-929,-1094,0,0,0,0,0,0,-1812.875,-1696.428571,0,54900,0,0,0,0,0,-2608,-2636,5,25595.82,8824.5,12,-539,0,-509,-209,-179,11,1,1,0.062737421,0,2000,-1186.2,1229.2,5305.995,38385,38385,6,0,85058.82,-5931,1,1,1,0,0,0,0,0,0,0,1,0,0,0,0,0,0,1,0,0,0,0,1,0,0,0,0,0,0,1,0,0,0,0,0,0,0,0,0,0,0,0,1,0,0,0,0,0,0,0,0,0,0,1,0,0,0,1,0,0,0,0,0,0,0,0,1,0,0,0,0,0,0,0,0,0,0,0,0,0,0,0,0,0,0,0,0,0,0,0,0,0,0,0,0,0,0,0,0,0,0,0,0,0,0,0,0,0,0,0,0,0,0,0,0,0,0,0,0,0,0,0,0,0,0,1,0,0,0
100039,1,0,1,360000,733315.5,39069,0.015221,3,1,1,0,1,0,0,10,0,0,1,1,0,0.321744896,0.411848556,0,0,0,0,0,0,0,0,0,0,0,0,0,2,0,-697,0,0,0,0,0,0,1,0,0,0,0,0,0,0,0,0,0,0,0,0,0,0,0,0,1,1,32,6,10,10,2.0369875,0.108525,0.053277205,9,0,0,2341746,1830429,0,0,0,0,-90,1379,-20,-123,0,348392.5714,0,0,0,0,-641.4444444,126.625,0,0,0,0,0,0,0,-1406,-1406,4,52513.515,4.095,42,-91,0,-665,-455,565,16,1,1,0.000171974,0,4300,-1245.25,1900.25,4450.68,0,20961,6,0,62038.485,-4981,2,1,0,0,0,0,0,0,0,0,1,0,1,0,0,0,0,0,0,0,0,0,0,1,0,0,0,0,0,1,0,0,0,0,0,0,0,0,1,0,0,0,0,0,0,0,0,0,0,0,0,0,0,1,0,0,0,0,0,1,0,0,0,0,0,0,0,0,0,0,0,0,0,0,0,0,0,0,0,0,0,0,0,0,0,0,0,0,0,0,0,0,0,0,0,0,0,0,0,0,0,0,0,0,1,0,0,0,0,0,0,0,0,0,0,0,0,0,0,0,0,0,0,0,0,0,0,0,0
100040,0,1,0,135000,1125000,32895,0.019689,0,1,1,0,1,0,0,14,0,0,0,0,0,0.172497508,0,0.0825,0.0804,0.9762,0.6736,0.0056,0.1379,0.1667,0.2083,0.038,0.0672,0,0,0,0,0,-3019,0,1,0,0,0,0,0,0,0,0,0,0,0,0,0,0,0,0,0,0,0,0,0,0,0,0,44,13,16,11,8.333333333,0.243666667,0.02924,0,0,0,0,0,0,0,0,0,0,0,0,0,0,0,0,0,0,0,0,0,0,0,0,0,0,0,0,0,0,1,18984.24,0,24,-1038,0,-1007,-407,-317,14,0,1,0,0,10,-1038,10,18984.24,367200,367200,24,0,18984.24,-1038,0,1,1,0,0,0,0,0,0,0,1,0,0,0,1,0,0,0,0,1,0,0,0,1,0,0,0,0,0,1,0,0,0,0,0,0,0,1,0,0,0,0,0,0,0,0,0,0,0,0,0,0,0,1,0,1,0,0,0,0,0,0,0,0,0,0,0,0,0,0,0,0,0,0,0,0,0,0,0,0,0,0,0,0,0,0,0,0,0,0,0,0,0,0,0,0,0,0,0,0,0,0,0,1,0,0,0,0,0,0,0,0,0,0,0,0,0,0,0,0,0,0,0,0,0,0,1,0,0
100041,0,0,0,112500,450000,44509.5,0.008575,0,1,1,1,1,1,0,19,0,0,0,0,0,0.663158076,0.678567689,0.0948,0.0792,0.9861,0.8096,0,0.1724,0.1667,0,0.0888,0,0,0,0,0,0,-1285,0,1,0,0,0,0,0,0,0,0,0,0,0,0,0,0,0,0,0,0,0,0,0,0,0,0,33,3,17,6,4,0.39564,0.09891,13,0,5830.965,180000,0,0,0,0,0,-66,117,-34,-36,0,0,0,0,0,0,-1292.538462,-969.1538462,0,14580,0,0,0,0,0,-2678,-2678,2,7297.515,0,12,-1508,0,-1477,-1147,-1147,14,1,1,0,0,4000,-2104.5,2078,3268.485,15516,15516,6,0,10566,-4209,1,1,1,0,0,0,0,0,0,0,1,0,0,0,0,0,0,1,0,1,0,0,0,1,0,0,0,0,0,1,0,0,0,0,0,0,0,0,0,0,0,0,0,0,0,0,0,0,1,0,0,0,0,1,0,0,1,0,0,0,0,0,0,0,0,0,0,0,0,0,0,0,0,0,0,0,0,0,0,0,0,0,0,0,0,0,0,0,0,0,0,0,0,0,0,0,0,0,0,0,0,0,0,0,1,0,0,0,0,0,0,0,0,0,0,0,0,0,0,0,0,0,0,0,0,0,1,0,0
100043,0,1,2,198000,641173.5,23157,0.01885,0,1,1,1,1,1,0,13,0,0,0,0,0.842763466,0.681698803,0.754406173,0,0,0,0,0,0,0,0,0,0,0,0,0,0,0,-2411,0,1,0,0,0,0,0,0,0,0,0,0,0,0,0,0,0,0,0,0,0,0,0,0,1,1,47,2,0,2,3.23825,0.116954545,0.036116589,2,16290,0,306000,0,0,0,0,0,-1169,-414,-127,-130,16290,0,0,0,0,0,-1904,-1433.5,16290,27720,0,0,0,0,0,-2453,-2513,9,83916,315000,60,-23,-991,-3,-370,1407,15,1,1,0.201833008,0,100,-534.1111111,81.33333333,5287.815,0,35775,0,0,377266.455,-4807,2,1,1,0,0,0,0,0,0,0,1,0,1,0,0,0,0,0,0,0,0,0,0,1,0,0,0,0,0,1,0,0,0,0,0,0,0,0,0,0,0,0,0,0,0,0,1,0,0,0,0,0,0,1,0,0,0,0,0,1,0,0,0,0,0,0,0,0,0,0,0,0,0,0,0,0,0,0,0,0,0,0,0,0,0,0,0,0,0,0,0,0,0,0,0,1,0,0,0,0,0,0,0,0,0,0,0,0,0,0,0,0,0,0,0,0,0,0,0,0,0,0,0,0,0,0,0,0,0
100044,0,1,0,121500,454500,15151.5,0.030755,0,1,1,0,1,1,0,10,0,0,0,1,0.804586121,0.719798537,0.72239289,0,0,0,0,0,0,0,0,0,0,0,0,0,0,0,-1541,0,1,0,0,0,0,0,0,0,0,0,0,0,0,0,0,0,0,0,0,0,0,0,1,0,0,58,4,15,12,3.740740741,0.124703704,0.033336634,11,0,18406.935,900000,648292.5,418630.005,0,0,0,-83,1178,-11,-970,0,127529.4,74023.21,0,0,0,-1552.090909,-407.8181818,0,15570,-130.005,0,0,0,0,-2433,-2493,4,29545.2,5085,48,-384,0,-348,-198,-82,17,1,1,0.103968297,0,20,-1716.25,5,8565.705,50850,50850,6,0,73162.035,-6865,2,1,0,0,0,0,0,0,0,0,1,0,0,0,0,0,0,1,0,0,0,0,0,1,0,0,0,0,0,1,0,0,0,0,0,0,0,0,1,0,0,0,0,0,0,0,0,0,0,0,0,0,0,1,0,1,0,0,0,0,0,0,0,0,0,0,0,0,0,0,0,0,0,0,0,0,0,0,0,0,0,0,0,0,0,0,0,0,0,0,0,0,0,0,0,0,0,0,0,0,0,0,0,0,0,0,0,0,0,0,0,0,0,0,0,0,0,1,0,0,0,0,0,0,0,0,0,0,0
100045,0,1,0,99000,247275,17338.5,0.006207,0,1,0,0,1,1,0,11,0,0,0,0,0,0.6507648,0.751723715,0,0,0.9851,0,0,0.0345,0.3333,0,0.0566,0,0,0,0,0,0,0,0,1,0,0,0,0,0,0,0,0,0,0,0,0,0,0,0,0,0,0,0,0,0,0,0,2,66,0,27,14,2.497727273,0.175136364,0.070118289,3,0,0,281205,89351.46,0,0,0,0,-337,-3,-217,-274,0,29783.82,0,0,0,0,-554,-204.6666667,0,60016.5,0,0,0,0,0,-337,-608,4,50575.23,4500,36,-1017,0,-987,-267,63,15,1,1,0.136187434,0,3063,-1789,790.5,6319.35,34501.5,34501.5,6,0,74240.595,-7156,2,1,1,0,0,0,0,0,0,0,1,0,0,0,0,0,0,0,0,0,0,0,0,1,0,0,0,0,0,1,0,0,0,0,0,0,0,0,0,0,0,0,0,0,0,0,0,0,0,0,0,0,0,1,0,1,0,0,0,0,0,0,0,0,0,0,0,0,0,0,0,0,0,0,0,0,0,0,0,0,0,0,0,0,0,0,0,0,0,0,0,0,0,0,0,0,0,0,0,0,0,0,0,0,0,0,0,0,0,0,0,0,0,0,0,0,0,0,0,0,0,0,0,0,0,0,1,0,0
100046,1,1,0,180000,540000,27000,0.025164,3,1,1,0,1,0,0,8,0,0,0,0,0,0.738053284,0.605836265,0.0814,0.0994,0.9831,0.7688,0.0142,0.2069,0.1667,0.2083,0.1404,0.0656,0.0039,0.0227,0,1,0,-540,0,0,0,0,0,0,0,0,0,0,0,0,0,0,0,0,0,0,0,0,0,0,0,1,0,1,44,5,23,12,3,0.15,0.05,4,0,0,7957530,0,0,0,0,0,-427,915,-9,-369,0,0,0,0,0,0,-1493.25,-247.75,0,382500,0,0,0,0,0,-826,-1331,2,29053.215,0,24,-449,0,-509,0,1,15,1,1,0,0,-1,-494,-1,28390.635,337500,337500,18,1,57443.85,-988,1,0,0,0,0,0,0,0,0,0,1,0,0,0,0,0,0,1,0,1,0,0,0,1,0,0,0,0,0,1,0,0,0,0,0,0,0,0,0,0,0,0,0,0,1,0,0,0,0,0,0,0,0,1,0,0,0,0,0,0,1,0,0,0,0,0,0,1,0,0,0,0,0,0,0,0,0,0,0,0,0,0,0,0,0,0,0,0,0,0,0,0,0,0,0,0,0,0,0,0,0,0,0,0,0,0,0,0,0,0,0,0,0,0,0,0,0,0,0,0,0,0,0,0,0,0,1,0,0
100047,0,1,0,202500,1193580,35028,0.025164,0,1,1,0,1,0,0,9,0,0,0,0,0,0.306840586,0.320163367,0.1309,0.125,0.996,0.9456,0.0822,0.1379,0.25,0.2917,0.0142,0.1059,0.0039,0.0078,0,0,0,-1075,0,1,0,0,0,0,0,0,0,0,0,0,0,0,0,0,0,0,0,0,0,0,0,2,0,4,48,3,3,3,5.894222222,0.172977778,0.029347006,5,0,13518.675,4045500,2528203.5,0,0,0,0,-420,4284,-20,-420,0,805114.125,0,0,0,0,-1104.8,1301,0,630000,0,0,0,0,0,-960,-1140,6,31674.87,3820.5,36,-1072,0,-1437,-1167,-747,15,1,1,0.108909091,0,27,-1432,3.666666667,4586.895,0,38205,0,0,100499.49,-8592,1,1,0,0,0,0,0,0,0,0,1,0,1,0,0,0,0,0,0,0,0,0,0,1,0,0,0,0,0,1,0,0,0,0,0,0,0,0,0,0,0,0,1,0,0,0,0,0,0,0,0,0,0,1,0,0,0,0,0,0,1,0,0,0,0,0,0,1,0,0,0,0,0,0,0,0,0,0,0,0,0,0,0,0,0,0,0,0,0,0,0,0,0,0,0,0,0,0,0,0,0,0,0,0,0,0,0,0,0,0,0,0,0,0,0,0,0,0,0,0,0,0,0,0,0,0,1,0,1
100048,0,1,0,202500,604152,29196,0.009175,0,1,1,0,1,1,0,12,0,1,0,1,0,0.037315236,0,0,0,0,0,0,0,0,0,0,0,0,0,0,4,0,-458,0,1,0,0,0,0,0,0,0,0,0,0,0,0,0,0,0,0,0,0,0,0,0,0,0,5,46,1,9,1,2.983466667,0.144177778,0.048325587,1,0,0,22905,0,0,0,0,0,-75,-66,-61,-66,0,0,0,0,0,0,-75,-66,0,22905,0,0,0,0,0,-66,-61,4,57466.53,0,18,-314,-921,-284,-308,226,12,1,1,0,0,-1,-544.5,-1,11250,0,225000,0,0,115566.795,-2178,2,1,1,0,0,0,0,0,0,0,1,0,0,0,0,0,0,1,0,0,0,0,0,1,0,0,0,0,0,1,0,0,0,0,0,0,0,0,0,0,0,0,1,0,0,0,0,0,0,0,0,0,0,1,0,0,1,0,0,0,0,0,0,0,0,0,0,0,0,0,0,0,0,0,0,0,1,0,0,0,0,0,0,0,0,0,0,0,0,0,0,0,0,0,0,0,0,0,0,0,0,0,0,0,0,0,0,0,0,0,0,0,0,0,0,0,0,0,0,0,0,0,0,0,0,0,0,0,0
100049,0,0,0,135000,288873,16258.5,0.007305,0,1,1,1,1,1,0,11,0,0,0,0,0.468208057,0.67420321,0.399675616,0,0,0,0,0,0,0,0,0,0,0,0,0,1,0,-1480,0,1,0,0,0,0,0,0,0,0,0,0,0,0,0,0,0,0,0,0,0,0,0,0,0,2,37,10,0,12,2.1398,0.120433333,0.056282519,7,0,0,414000,383112,8819.235,0,0,0,-27,967,-8,-554,0,92073.75,1763.847,0,0,0,-819.1428571,-117.1666667,0,21375,0,0,0,0,0,-1469,-1469,5,7801.155,9000,12,-416,-228,-185,-56,-56,14,1,1,0.249162871,0,400,-1066.6,94.6,4500,0,33250.5,0,0,28739.295,-5333,3,1,1,0,0,0,0,0,0,0,1,0,0,0,0,0,0,1,0,0,0,0,1,0,0,0,0,0,0,1,0,0,0,0,0,0,0,0,0,0,0,0,0,0,0,0,0,0,1,0,0,0,0,0,1,0,0,0,0,1,0,0,0,0,0,0,0,0,0,0,0,0,0,0,0,0,0,0,0,0,0,0,0,0,0,0,0,0,0,0,0,0,0,0,0,0,0,0,0,0,0,0,0,0,1,0,0,0,0,0,0,0,0,0,0,0,0,0,0,0,0,0,0,0,0,0,0,0,1
100050,0,1,0,108000,746280,42970.5,0.010966,0,1,0,0,1,0,0,9,0,0,0,0,0,0.766137805,0.684827659,0.2186,0.1232,0.9851,0.796,0.0528,0.2069,0.3333,0.375,0.1154,0.1774,0.0039,0.0051,0,0,0,-491,0,1,0,0,0,0,0,0,0,0,0,0,0,0,0,0,0,0,0,0,0,0,0,0,0,3,65,0,16,13,6.91,0.397875,0.057579595,3,0,0,450000,0,0,0,0,0,-694,189,-135,-145,0,0,0,0,0,0,-2025,-1470.333333,0,135459,0,0,0,0,0,-2305,-2315,3,9000,0,24,-231,0,-459,-9,231,10,0,1,0,0,90,-317.6666667,29.33333333,6919.605,0,153598.5,0,0,15919.605,-953,0,1,1,0,0,0,0,0,0,0,1,0,0,0,0,0,0,0,0,1,0,0,0,0,0,1,0,0,0,1,0,0,0,0,0,0,0,0,0,0,0,0,0,0,0,0,0,0,0,0,0,0,0,1,0,0,0,0,0,0,0,1,0,0,0,0,0,0,0,0,0,0,0,0,0,0,0,0,0,0,0,0,0,0,0,0,0,0,0,0,0,0,0,0,0,0,0,0,0,0,0,0,0,0,0,0,0,0,0,0,0,0,0,0,0,0,0,0,0,0,0,0,0,0,0,1,0,0,0
100051,0,1,0,202500,661702.5,48280.5,0.007114,0,1,1,1,1,0,0,12,0,0,0,1,0,0.631518631,0,0,0,0,0,0,0,0,0,0,0,0,0,0,1,0,-556,0,1,0,0,0,0,0,0,0,0,0,0,0,0,0,0,0,0,0,0,0,0,0,0,0,0,27,2,11,7,3.267666667,0.238422222,0.072964059,0,0,0,0,0,0,0,0,0,0,0,0,0,0,0,0,0,0,0,0,0,0,0,0,0,0,0,0,0,0,3,6887.16,0,24,-36,0,-525,0,165,18,0,1,0,0,533,-313.6666667,177,6887.16,0,136620,24,0,6887.16,-941,0,1,0,0,0,0,0,0,0,0,1,0,0,0,0,0,0,1,0,0,0,0,1,0,0,0,0,0,0,1,0,0,0,0,0,0,0,0,0,0,0,0,0,0,0,0,0,0,0,0,0,0,0,1,0,0,0,0,0,0,0,1,0,0,0,0,0,1,0,0,0,0,0,0,0,0,0,0,0,0,0,0,0,0,0,0,0,0,0,0,0,0,0,0,0,0,0,0,0,0,0,0,0,0,0,0,0,0,0,0,0,0,0,0,0,0,0,0,0,0,0,0,0,0,0,0,0,0,0
100052,0,1,1,90000,180000,9000,0.009334,0,1,1,1,1,0,0,10,0,0,0,0,0,0.53554226,0,0,0,0,0,0,0,0,0,0,0,0,0,0,1,1,-462,0,0,0,0,0,0,0,0,0,0,0,0,0,0,0,0,0,0,0,0,0,0,0,0,0,0,22,2,18,2,2,0.1,0.05,0,0,0,0,0,0,0,0,0,0,0,0,0,0,0,0,0,0,0,0,0,0,0,0,0,0,0,0,0,0,2,6304.905,0,6,-298,0,-266,-176,-116,9,0,1,0,0,10,-380,10,4364.595,20160,20160,6,0,10669.5,-760,0,0,1,0,0,1,0,0,0,0,0,0,0,0,0,0,0,1,0,0,0,0,1,0,0,0,0,0,0,1,0,0,0,0,0,0,0,0,0,0,0,0,0,0,0,0,0,0,1,0,0,0,0,1,0,0,1,0,0,0,0,0,0,0,0,0,0,0,0,0,0,0,0,0,0,0,0,0,0,0,0,0,0,0,0,0,0,0,0,0,0,0,0,0,0,0,0,0,0,0,0,0,0,0,1,0,0,0,0,0,0,0,0,0,0,0,0,0,0,0,0,0,0,0,0,0,0,0,0
100053,0,1,0,202500,305221.5,17649,0.019689,0,1,0,0,1,0,0,8,0,0,0,0,0,0.247664717,0.475849909,0,0,0,0,0,0,0,0,0,0,0,0,0,0,0,-649,0,1,0,0,0,0,0,0,0,0,0,0,0,0,0,0,0,0,0,0,0,0,0,0,2,4,56,0,21,5,1.507266667,0.087155556,0.057823581,8,0,0,225000,0,0,0,0,0,-1764,-648,-630,-630,0,0,0,0,0,0,-2337.875,-1664.285714,0,0,0,0,0,0,0,-2534,-1945,5,29250,0,24,-24,0,-320,-349,71,10,1,1,0,0,0,-284.4,-0.8,9636.705,0,90000,0,1,49607.055,-1422,2,1,1,0,0,1,0,0,0,0,0,0,0,0,0,0,0,0,0,0,0,0,0,0,0,1,0,0,0,1,0,0,0,0,0,0,0,0,0,0,0,0,0,0,0,0,0,0,0,0,0,0,0,1,0,0,1,0,0,0,0,0,0,0,0,0,0,0,0,0,0,0,0,0,0,0,0,0,0,0,0,0,0,0,0,0,0,0,0,0,0,0,0,0,0,0,0,0,0,0,0,0,0,0,0,0,0,0,0,0,0,0,0,0,0,0,0,0,0,0,0,0,0,0,0,0,0,0,0
100054,0,1,0,99000,260640,26838,0.022625,0,1,1,1,1,1,0,16,0,0,0,1,0,0.089240653,0.728141299,0,0,0,0,0,0,0,0,0,0,0,0,0,4,0,-1247,0,1,0,0,0,0,0,0,0,0,0,0,0,0,0,0,0,0,0,0,0,0,0,0,0,2,55,15,25,9,2.632727273,0.271090909,0.102969613,2,0,0,56092.5,0,0,0,0,0,-1138,-772,-42,-1114,0,0,0,0,0,0,-1310.5,-943.5,0,48600,0,0,0,0,0,-1115,-1114,5,10349.91,10296,12,-287,0,-255,-115,15,15,0,1,0.108932896,0,19,-799.8,19,5300.73,62325,62325,10,0,39719.34,-3999,0,1,1,0,0,0,0,0,0,0,1,0,0,0,0,0,0,1,0,0,0,0,0,1,0,0,0,0,0,1,0,0,0,0,0,0,0,0,0,0,0,0,0,0,0,1,0,0,0,0,0,0,0,1,0,0,0,0,0,0,0,1,0,0,0,0,0,1,0,0,0,0,0,0,0,0,0,0,0,0,0,0,0,0,0,0,0,0,0,0,0,0,0,0,0,0,0,0,0,0,0,0,0,0,0,0,0,0,0,0,0,0,0,0,0,0,0,0,0,0,0,0,0,0,0,0,0,0,0
100055,0,0,0,130500,1350000,37255.5,0.020713,0,1,1,1,1,1,0,10,0,0,0,0,0.710427329,0.58918663,0.466864006,0,0,0,0,0,0,0,0,0,0,0,0,0,0,0,-784,0,1,0,0,0,0,0,0,0,0,0,0,0,0,0,0,0,0,0,0,0,0,0,0,0,0,54,12,17,9,10.34482759,0.285482759,0.027596667,7,0,0,1370254.5,1210297.5,0,0,0,0,-161,746,-13,-370,0,248887.611,0,0,0,0,-876.8571429,-77,0,48150,0,0,0,0,0,-806,-789,2,11150.595,10935,12,-353,0,-322,-322,-172,8,0,1,0.099492139,0,160,-568.5,160,6922.98,37219.5,37219.5,6,0,18073.575,-1137,0,1,1,0,0,0,0,0,0,0,1,0,0,0,1,0,0,0,0,0,0,0,0,1,0,0,0,0,0,1,0,0,0,0,0,0,0,0,0,0,0,0,0,0,1,0,0,0,0,0,0,0,0,0,1,0,0,0,0,1,0,0,0,0,0,0,0,0,0,0,0,0,0,1,0,0,0,0,0,0,0,0,0,0,0,0,0,0,0,0,0,0,0,0,0,0,0,0,0,0,0,0,0,0,0,0,0,0,0,0,0,0,0,0,0,0,0,0,0,0,0,0,0,0,0,0,0,0,0
100056,1,1,0,360000,1506816,49927.5,0.010006,3,1,1,0,1,0,0,10,0,0,0,1,0,0.523934047,0,0,0,0,0,0,0,0,0,0,0,0,0,0,1,1,-1498,0,1,0,0,0,0,0,0,0,0,0,0,0,0,0,0,0,0,0,0,0,0,0,0,0,0,50,26,15,5,4.1856,0.1386875,0.033134437,0,0,0,0,0,0,0,0,0,0,0,0,0,0,0,0,0,0,0,0,0,0,0,0,0,0,0,0,0,0,3,21678.705,22392,54,-2166,0,-2136,-546,-546,14,1,1,0.108909091,0,75,-2538,24.33333333,13502.385,135000,135000,10,0,52685.145,-7614,2,1,0,0,0,0,0,0,0,0,1,0,0,0,0,0,0,1,0,0,0,0,0,1,0,0,0,0,0,1,0,0,0,0,0,0,0,0,0,0,0,0,1,0,0,0,0,0,0,0,0,0,0,1,0,0,0,0,0,1,0,0,0,0,0,0,0,0,0,0,0,0,0,0,0,0,0,0,0,0,0,0,0,0,0,0,0,0,0,0,0,0,0,0,0,0,0,0,0,0,0,0,0,0,0,0,0,0,0,0,0,0,0,0,0,1,0,0,0,0,0,0,0,0,0,0,0,0,0
100058,0,1,0,54000,135000,6750,0.01452,0,1,1,0,0,0,0,9,0,0,0,0,0.656224804,0.450849723,0.479448981,0.0664,0.0442,0.998,0,0,0.0552,0.4083,0.45,0.0085,0,0,0.016,0,0,0,0,0,1,0,0,0,0,0,0,0,0,0,0,0,0,0,0,1,0,0,0,0,0,0,0,0,0,34,3,3,7,2.5,0.125,0.05,4,0,0,450000,130819.5,0,0,0,0,-223,31087,-18,-172,0,64649.25,0,0,0,0,-1049.75,7571,0,90000,0,0,0,0,0,-709,-562,0,0,0,0,0,0,0,0,0,0,0,0,0,0,0,0,0,0,0,0,0,0,0,0,0,0,1,0,0,0,0,0,0,0,1,0,0,0,1,0,0,0,0,1,0,0,0,1,0,0,0,0,0,1,0,0,0,0,0,0,0,1,0,0,0,0,0,0,0,0,0,0,0,0,0,0,0,1,0,0,0,0,0,1,0,0,0,0,0,0,0,0,0,0,0,0,0,0,0,0,0,0,0,0,0,0,0,0,0,0,0,0,0,0,0,0,0,0,0,0,0,0,0,0,0,1,0,0,0,0,0,0,0,0,0,0,0,0,0,0,0,0,0,0,0,0,0,0,0,1,0,0,0
100059,1,1,1,540000,675000,34596,0.026392,7,1,1,0,1,1,0,10,0,0,0,0,0.311509925,0.713354585,0.309275356,0.5309,0.2491,0.9811,0.7416,0,0.3793,0.4583,0,0.3977,0,0,0.0487,0,2,0,-1285,0,1,0,0,0,0,0,0,0,0,0,0,0,0,0,0,0,0,0,0,0,0,1,0,0,3,51,19,11,5,1.25,0.064066667,0.051253333,5,49986,17087.94,1624500,980784,0,0,0,0,-194,638,-12,-102,9997.2,196156.8,0,0,0,0,-639.4,-154.4,0,55030.5,0,0,0,0,0,-612,-642,18,145794.6,28341,48,-213,0,-296,-56,1114,19,0,1,0.399889012,0,3500,-1106.5,1176.166667,4500,0,35680.05,0,0,336793.635,-19917,0,1,0,0,0,0,0,0,0,0,1,0,1,0,0,0,0,0,0,1,0,0,0,1,0,0,0,0,0,1,0,0,0,0,0,0,0,0,0,0,0,0,0,0,1,0,0,0,0,0,0,0,0,1,0,0,0,0,0,0,1,0,0,0,0,0,0,0,0,0,0,0,0,0,0,0,0,0,0,0,0,0,0,0,0,0,0,0,0,0,0,0,0,0,0,0,0,0,0,0,0,0,0,0,0,1,0,0,0,0,0,0,0,0,0,0,0,0,0,0,0,0,0,0,0,1,0,0,0
100060,1,0,0,76500,454500,14661,0.028663,13,1,1,1,1,0,0,10,0,0,0,0,0.244561633,0.705947457,0.799296783,0.0227,0,0.9806,0,0,0.1034,0.0417,0,0,0,0,0.0226,0,4,0,-466,0,1,0,0,0,0,0,0,0,0,0,0,0,0,0,0,0,0,0,0,0,0,0,1,0,0,34,2,5,5,5.941176471,0.191647059,0.032257426,5,0,0,80979.84,0,0,0,0,0,-809,-444,-288,-715,0,0,0,0,0,0,-1327,-1034,0,39991.5,0,0,0,0,0,-1337,-1220,1,12177,0,36,-466,0,-436,-316,614,13,0,1,0,0,-1,-466,-1,12177,180000,180000,36,0,12177,-466,0,1,0,0,0,0,0,0,0,0,1,0,0,0,0,0,0,1,0,0,0,0,0,1,0,0,0,0,0,1,0,0,0,0,0,0,0,0,0,0,0,0,0,0,0,0,0,0,0,0,0,0,0,1,0,0,0,0,0,0,1,0,0,0,0,0,0,0,0,0,0,0,1,0,0,0,0,0,0,0,0,0,0,0,0,0,0,0,0,0,0,0,0,0,0,0,0,0,0,0,0,0,0,0,0,0,0,0,0,0,0,0,0,0,0,0,0,0,0,0,0,0,0,0,0,0,1,0,0
100061,0,1,2,225000,314055,16164,0.006629,0,1,1,0,1,0,0,3,0,0,1,1,0.1895958,0.702979105,0.701695774,0,0,0,0,0,0,0,0,0,0,0,0,0,0,0,-570,0,1,0,0,0,0,0,0,0,0,0,0,0,0,0,0,0,0,0,0,0,0,0,0,0,5,29,4,6,3,1.3958,0.07184,0.051468692,1,0,0,37741.5,0,0,0,0,0,-924,-738,-426,-771,0,0,0,0,0,0,-924,-738,0,37741.5,0,0,0,0,0,-738,-426,6,49219.74,6750,30,-709,0,-679,-49,191,12,1,1,0.105538883,0,87,-1072.333333,39,6006.285,44055,44055,6,0,138747.825,-6434,3,1,1,0,0,0,0,0,0,0,1,0,1,0,0,0,0,0,0,1,0,0,0,1,0,0,0,0,0,1,0,0,0,0,0,0,0,1,0,0,0,0,0,0,0,0,0,0,0,0,0,0,0,1,0,0,0,0,0,1,0,0,0,0,0,0,0,0,0,0,0,0,0,0,0,0,0,0,0,0,0,0,0,0,0,0,0,0,0,0,0,0,0,0,0,0,0,0,0,0,0,0,0,0,1,0,0,0,0,0,0,0,0,0,0,0,0,0,0,0,0,0,0,0,0,0,0,0,0
100062,1,0,0,81000,675000,32472,0.010006,8,1,0,0,1,1,0,17,0,0,0,0,0,0.662864927,0.73801962,0.2165,0.1678,0.9846,0.7892,0,0.2069,0.3333,0.375,0.1071,0,0,0.0151,0,0,0,-462,0,1,0,0,0,0,0,0,0,0,0,0,0,0,0,0,0,0,0,0,0,0,0,0,0,2,51,0,19,6,8.333333333,0.400888889,0.048106667,2,0,0,954000,0,0,0,0,0,-306,273,-270,-274,0,0,0,0,0,0,-1297,-294,0,127626.12,0,0,0,0,0,-861,-838,10,66663.9,75150,60,-295,0,-265,-276,1145,19,0,1,0.104800533,0,300,-312.1,29.1,23278.095,0,679500,12,0,223699.995,-3121,0,1,0,0,0,0,0,0,0,0,1,0,0,0,0,0,0,0,0,0,0,0,0,1,0,0,0,0,0,1,0,0,0,0,0,0,0,0,0,0,0,0,0,0,0,0,0,0,0,0,0,0,0,1,0,0,0,0,0,0,1,0,0,0,0,0,0,0,0,0,0,0,0,0,0,0,0,0,0,0,0,0,0,0,0,0,0,0,0,0,0,0,0,0,0,0,0,0,0,0,0,0,0,0,0,0,0,0,0,0,0,0,0,0,0,0,0,0,0,0,0,0,0,0,0,1,0,0,0
100063,0,1,0,180000,837427.5,45558,0.022625,0,1,1,0,1,1,1,15,0,0,0,0,0.552771902,0.616637293,0.070108844,0.1186,0.066,0.9801,0.728,0.0385,0.0345,0.3333,0.0417,0.0606,0.0958,0.0039,0.0002,0,1,1,-1547,0,1,0,0,0,0,0,0,0,0,0,0,0,0,0,0,0,0,0,0,0,0,0,1,0,4,35,11,19,14,4.652375,0.2531,0.054402321,18,14232.51,2502,900000,705651.345,0,0,0,0,-238,1280,-4,-98,2858.072143,97169.93206,0,0,0,0,-1134.277778,-148.2777778,0,0,0,0,0,0,0,-2446,-1952,9,29543.85,31135.5,36,-456,0,-425,-335,327,19,1,1,0.200864188,0,2301,-712.7777778,255.4444444,12495.24,0,135000,12,0,143528.715,-6415,1,1,1,0,0,0,0,0,0,0,1,0,0,0,0,0,0,1,0,1,0,0,0,1,0,0,0,0,0,1,0,0,0,0,0,0,0,0,0,0,0,0,0,0,1,0,0,0,0,0,0,0,0,1,0,0,1,0,0,0,0,0,0,0,0,0,0,0,0,0,0,0,0,0,0,0,0,0,0,0,0,0,0,0,0,0,0,0,0,0,0,0,1,0,0,0,0,0,0,0,0,0,0,0,0,0,0,0,0,0,0,0,0,0,0,0,0,0,0,0,0,0,0,0,0,0,1,0,0
100064,0,0,0,67500,298728,15381,0.019101,0,1,0,0,1,0,0,9,0,0,0,0,0,0.622708273,0.169428727,0,0,0,0,0,0,0,0,0,0,0,0,0,0,0,0,0,1,0,0,0,0,0,0,0,0,0,0,0,0,0,0,0,0,0,0,0,0,0,0,0,0,59,0,6,4,4.4256,0.227866667,0.05148831,2,4653,0,94500,60462,0,0,0,0,-339,221,-21,0,4653,47706.75,0,0,0,0,-424,40,4653,67500,34951.5,0,0,0,0,-141,-172,1,2144.61,1.98,24,-613,0,-577,-37,113,21,0,1,4.53E-05,0,146,-613,146,2144.61,47607.48,47607.48,24,0,2144.61,-613,0,1,1,0,0,1,0,0,0,0,0,0,0,0,0,0,0,0,0,0,0,0,0,0,0,1,0,0,0,0,1,0,0,0,0,0,0,0,0,0,0,0,0,0,0,0,0,0,0,0,0,0,0,1,0,0,1,0,0,0,0,0,0,0,0,0,0,0,0,0,0,0,0,0,0,0,0,0,0,0,0,0,0,0,0,0,0,0,0,0,0,0,0,0,0,0,0,0,0,0,0,0,0,0,0,0,0,0,0,0,0,0,0,0,0,0,0,0,0,0,0,0,0,0,0,0,0,0,0
100068,0,1,0,81000,247500,12375,0.031329,0,1,1,1,1,1,0,14,0,0,0,1,0.237719719,0.609135292,0.513693766,0.1227,0.1572,0.9886,0.8436,0.0029,0.3448,0.1667,0.2083,0.0554,0.0992,0.0039,0.0052,0,2,0,-167,0,0,0,0,0,0,0,0,0,0,0,0,0,0,0,0,0,0,0,0,0,0,0,0,0,0,50,6,12,5,3.055555556,0.152777778,0.05,5,0,5912.865,900000,799038,0,0,0,0,-400,1426,-35,-538,0,266346,0,0,0,0,-1498,-477,0,4500,0,0,0,0,0,-1798,-2020,1,7761.465,8217,12,-167,0,-131,0,199,13,0,1,0.099478765,0,206,-167,206,7761.465,82152,82152,12,0,7761.465,-167,0,0,0,0,0,0,0,0,0,0,1,0,0,0,0,0,0,1,0,0,0,0,0,1,0,0,0,0,0,1,0,0,0,0,0,0,0,0,0,0,0,0,0,0,0,0,0,0,0,0,1,0,0,1,0,0,0,0,0,0,0,1,0,0,0,0,0,0,0,0,0,0,0,0,0,0,0,0,0,0,0,0,0,0,0,0,0,0,0,0,0,0,0,0,0,0,0,0,0,0,0,0,1,0,0,0,0,0,0,0,0,0,0,0,0,0,0,0,0,0,0,0,0,0,0,1,0,0,0
100069,1,1,1,360000,640458,27265.5,0.00733,10,1,1,0,1,0,0,11,0,1,0,1,0,0.256737043,0.707699345,0,0,0,0,0,0,0,0,0,0,0,0,0,0,0,-112,0,1,0,0,0,0,0,0,0,0,0,0,0,0,0,0,0,0,0,0,0,0,0,0,1,3,39,5,6,14,1.77905,0.0757375,0.042571878,4,40486.5,0,3600000,3059608.5,0,0,0,0,-112,1359,-6,-448,40486.5,788064.75,0,0,0,0,-1204.25,-161.25,40486.5,57469.5,0,0,0,0,0,-1820,-1593,7,30174.435,35325,12,-112,0,-180,-21,-30,16,1,1,0.217818182,0.189136348,53,-715.8571429,30.14285714,9105.48,0,112770,6,0,108045.675,-5011,1,1,0,0,0,0,0,0,0,0,1,0,0,0,0,0,0,1,0,0,0,0,0,0,1,0,0,0,0,1,0,0,0,0,0,0,0,0,0,0,0,0,1,0,0,0,0,0,0,0,0,0,0,1,0,0,1,0,0,0,0,0,0,0,0,0,0,0,0,0,0,0,0,0,0,0,0,0,0,0,0,0,0,0,0,0,0,0,0,0,0,0,0,0,0,0,0,0,0,0,0,0,0,0,0,0,0,0,0,0,0,0,0,0,0,0,0,1,0,0,0,0,0,0,0,0,0,0,0
100070,1,1,0,540000,1227901.5,46899,0.032561,2,1,1,1,1,0,0,14,0,0,0,0,0,0.653597212,0.3392877,0.0256,0,0.9354,0.116,0.0076,0.1172,0.1,0.1417,0.0664,0.0202,0.0039,0.0084,0,0,0,-1377,0,0,0,0,0,0,1,0,0,0,0,0,0,0,0,0,0,0,0,0,0,0,0,0,0,0,56,6,19,2,2.273891667,0.08685,0.038194432,6,0,0,2025000,1450858.5,0,0,0,0,-299,1103,-4,-460,0,374939.25,0,0,0,0,-1523.166667,126,0,253800,0,0,0,0,0,-1255,-1628,2,13879.26,32635.89,14,-286,0,-249,-189,81,18,0,1,0.217804247,0.16071631,1215,-831.5,647.5,13249.935,136341,136341,12,0,27129.195,-1663,0,1,0,0,0,0,0,0,0,0,1,0,0,0,0,0,0,1,0,1,0,0,0,0,0,0,0,1,0,1,0,0,0,0,0,0,0,0,0,0,0,0,0,0,1,0,0,0,0,0,0,0,1,0,0,0,0,0,0,0,1,0,0,0,0,0,0,1,0,0,0,0,0,0,0,0,0,0,0,0,0,0,0,0,0,0,0,0,0,0,0,0,0,0,0,0,0,0,0,0,0,0,0,0,0,0,0,0,0,0,0,0,0,0,0,0,0,0,0,0,0,0,0,0,0,0,1,0,0
100071,0,1,0,180000,1663987.5,86989.5,0.018801,0,1,1,0,1,0,0,12,0,0,0,0,0,0.570666356,0.697146908,0.0876,0.0496,0.9841,0.7824,0.0096,0.0345,0.4583,0.5,0.0208,0.0698,0.0077,0.021,0,0,0,-1572,0,1,0,0,0,0,0,0,0,0,0,0,0,0,0,0,0,0,0,0,0,0,0,2,0,1,55,7,19,6,9.244375,0.483275,0.052277736,4,0,0,184500,0,0,0,0,0,-1106,-740,-593,-850,0,0,0,0,0,0,-1594.25,-1158.5,0,126000,0,0,0,0,0,-1977,-970,2,60289.425,0,24,-1053,0,-1023,-693,-693,15,1,1,0,0,750,-1312.5,374.5,10097.595,223893,223893,12,0,70387.02,-2625,1,1,1,0,0,1,0,0,0,0,0,0,1,0,0,0,0,0,0,0,0,0,0,1,0,0,0,0,0,1,0,0,0,0,1,0,0,0,0,0,0,0,0,0,0,0,0,0,0,0,0,0,0,1,0,0,1,0,0,0,0,0,0,0,0,0,0,0,0,0,0,0,0,0,0,0,0,0,1,0,0,0,0,0,0,0,0,0,0,0,0,0,0,0,0,0,0,0,0,0,0,0,0,0,0,0,0,0,0,0,0,0,0,0,0,0,0,0,0,0,0,0,0,0,0,0,1,0,0
100072,0,0,0,180000,1080000,44118,0.010006,0,1,1,0,1,0,1,9,0,0,0,0,0,0.026540775,0.434733249,0.0928,0.0955,0.9856,0.8028,0.013,0.2069,0.1667,0.2083,0.1147,0.0756,0,0,0,0,0,-725,0,0,0,0,0,0,0,0,0,0,0,0,0,0,0,0,0,0,0,0,0,0,0,0,0,4,22,4,12,2,6,0.2451,0.04085,2,11250,10368.495,252000,0,0,0,0,0,-494,-314,-119,-119,11250,0,0,0,0,0,-562,-314,11250,62716.5,0,0,0,0,0,-314,-310,10,76091.76,38326.5,24,-124,0,-94,-592,596,18,0,1,0.210612308,0,2222,-385.9,491.6,5511.78,0,31495.5,6,0,172525.59,-3859,0,1,0,0,0,0,0,0,0,0,1,0,0,0,0,0,0,1,0,0,1,0,0,0,0,1,0,0,0,0,0,0,0,1,0,0,0,0,0,0,0,0,0,0,0,0,0,0,1,0,0,0,0,1,0,0,0,0,0,0,1,0,0,0,0,0,0,0,0,0,0,0,0,0,0,0,0,0,0,0,0,0,0,0,0,0,0,0,0,0,0,0,0,0,0,0,0,0,0,0,0,0,0,0,0,0,0,0,1,0,0,0,0,0,0,0,0,0,0,0,0,0,0,0,0,1,0,0,0
100073,1,1,0,324000,1130760,40189.5,0.01885,10,1,0,0,1,0,0,9,0,0,0,0,0,0.733051193,0.234015167,0.1928,0.2309,0.9955,0,0,0.1379,0.6667,0,0.1427,0,0,0.1341,0,0,0,-2385,0,1,0,0,0,0,0,0,0,0,0,0,0,0,0,0,0,0,0,0,0,0,0,0,1,1,63,0,3,11,3.49,0.124041667,0.035542025,4,0,54907.965,1575000,1149471,425528.64,0,0,0,-181,1045,-25,-1468,0,512374.5,157779.81,0,0,0,-877,-211.5,0,151983,165465,0,0,0,0,-1468,-1459,9,55973.295,45000,30,-7,0,-757,-6,113,17,1,1,0.108909091,0,3446,-1407.333333,391.1111111,19196.73,0,187632,10,0,245273.76,-12666,3,1,0,0,0,0,0,0,0,0,1,0,0,0,0,0,0,0,0,1,0,0,1,0,0,0,0,0,0,1,0,0,0,0,0,0,0,0,0,0,0,0,0,0,0,0,0,0,0,0,0,0,0,1,0,0,0,0,0,1,0,0,0,0,0,0,0,0,0,0,0,0,0,0,0,0,0,0,0,0,0,0,0,0,0,0,0,0,0,0,0,0,0,0,0,0,0,0,0,0,0,0,0,0,0,0,0,0,0,0,0,0,0,0,0,0,0,0,0,0,0,0,0,0,0,0,1,0,0
100075,0,0,0,112500,95940,10462.5,0.00496,0,1,1,0,1,0,0,14,0,0,0,0,0.299606141,0.664543941,0.492060094,0,0,0,0,0,0,0,0,0,0,0,0,0,0,0,-280,0,1,0,0,0,0,0,0,0,0,0,0,0,0,0,0,0,0,0,0,0,0,0,0,0,5,34,10,14,12,0.8528,0.093,0.109052533,4,0,0,630000,250240.5,0,0,0,0,-83,1013,-10,0,0,136946.25,0,0,0,0,-872,237.25,0,24066,8320.5,0,0,0,0,-1463,-425,7,40575.24,0,6,-280,-280,-239,-299,-239,17,1,1,0,0,141,-438.7142857,19.28571429,11250,0,57555,0,0,110102.4,-3071,2,1,1,0,0,1,0,0,0,0,0,0,0,0,0,0,0,1,0,1,0,0,0,0,0,1,0,0,0,1,0,0,0,0,0,0,0,0,0,0,0,0,0,0,0,0,0,0,0,0,0,0,0,1,0,0,1,0,0,0,0,0,0,0,0,0,0,0,0,0,0,0,0,0,0,0,0,0,0,0,0,0,0,0,0,0,0,0,0,0,0,0,0,0,0,0,0,0,0,0,0,0,0,0,0,0,0,0,0,0,0,0,0,0,0,0,0,0,1,0,0,0,0,0,0,0,0,0,0
100076,1,0,0,180000,315000,9679.5,0.028663,1,1,1,0,1,0,0,12,0,0,0,0,0,0.584887356,0.095070396,0.0124,0,0.9677,0.558,0.0013,0.069,0.0417,0.0417,0.0489,0.0101,0,0,0,0,0,-3,0,0,0,0,0,0,1,0,0,0,0,0,0,0,0,0,0,0,0,0,0,0,0,0,0,0,38,7,15,11,1.75,0.053775,0.030728571,3,61470,49170.24,1811057.58,1321393.5,4749.21,0,0,0,-121,912,-10,0,61470,870286.665,2374.605,0,0,0,-244.3333333,769.5,61470,135000,130250.79,0,0,0,0,627,-20,0,0,0,0,0,0,0,0,0,0,0,0,0,0,0,0,0,0,0,0,0,0,0,0,0,1,0,0,0,0,0,0,0,0,0,0,1,0,0,0,0,0,0,0,0,0,0,1,0,0,0,0,0,1,0,0,0,0,0,0,0,0,1,0,0,0,0,0,0,0,0,0,0,0,0,0,0,1,0,0,1,0,0,0,0,0,0,0,0,0,0,0,0,0,0,0,0,0,0,0,0,0,0,0,0,0,0,0,0,0,0,0,0,0,0,0,0,0,0,0,0,0,0,0,0,0,0,0,0,0,0,0,0,0,0,0,0,0,0,0,1,0,0,0,0,1,0,0,0,0,0,0,0
100077,0,1,0,180000,1256400,40657.5,0.072508,0,1,1,0,1,0,0,12,0,0,0,0,0.286783079,0.647347822,0.562060483,0.1433,0.0993,0.9811,0.7416,0,0.1379,0.3333,0.375,0,0.1168,0,0.0207,0,4,0,-295,0,1,0,0,0,0,0,0,0,0,0,0,0,0,0,0,0,0,0,0,0,0,0,0,0,8,33,2,17,0,6.98,0.225875,0.032360315,4,0,0,270000,257926.5,12073.05,0,0,0,-148,-650,-24,-649,0,64481.625,4024.35,0,0,0,-824.25,-884.6666667,0,96228,0,0,0,0,0,-1002,-773,26,48913.245,5890.5,60,-176,0,-265,-145,-115,15,1,1,0.108925733,0,0,-330.1538462,-0.961538462,2250,0,45000,0,0,105616.215,-8584,1,1,0,0,0,0,0,0,0,0,1,0,1,0,0,0,0,0,0,0,0,0,0,0,0,1,0,0,0,1,0,0,0,0,0,0,0,1,0,0,0,0,0,0,0,0,0,0,0,0,0,0,1,0,0,0,0,0,0,0,0,1,0,0,0,0,0,0,0,0,0,0,0,0,0,0,0,0,0,0,0,0,0,0,0,0,0,0,0,0,0,0,0,0,0,0,1,0,0,0,0,0,0,0,0,0,0,0,0,0,0,0,0,0,0,0,0,0,0,0,0,0,0,0,0,1,0,0,0
100078,1,1,0,180000,1035000,43983,0.028663,21,1,1,0,1,0,0,9,0,0,0,0,0.796161123,0.5172704,0.429423684,0,0,0,0,0,0,0,0,0,0,0,0,0,0,0,-1594,0,1,0,0,0,0,0,0,0,0,0,0,0,0,0,0,0,0,0,0,0,0,0,0,0,3,54,13,19,8,5.75,0.24435,0.042495652,3,54000,0,540000,537165,2832.705,0,0,0,-862,519,-28,-119,54000,179055,944.235,0,0,0,-1169.333333,504,54000,292500,0,0,0,0,0,489,-125,11,38263.5,0,48,-13,0,-886,-136,524,14,1,1,0,0,-1,-612.7272727,-1,9441.54,0,117000,20,1,199684.305,-6740,4,1,1,0,0,0,0,0,0,0,1,0,0,0,1,0,0,0,0,1,0,0,0,1,0,0,0,0,0,1,0,0,0,0,0,0,0,1,0,0,0,0,0,0,0,0,0,0,0,0,0,0,0,1,0,0,0,0,0,0,1,0,0,0,0,0,0,0,0,0,0,0,0,1,0,0,0,0,0,0,0,0,0,0,0,0,0,0,0,0,0,0,0,0,0,0,0,0,0,0,0,0,0,0,0,0,0,0,0,0,0,0,0,0,0,0,0,0,0,0,0,0,0,0,0,0,0,0,0
100079,0,1,0,225000,270000,13500,0.00733,0,1,1,0,1,0,0,9,0,0,0,1,0.202477374,0.561922957,0.41359676,0,0,0,0,0,0,0,0,0,0,0,0,0,0,0,-662,0,0,0,0,0,0,0,0,0,0,0,0,0,0,0,0,0,0,0,0,0,0,0,1,0,0,42,0,14,8,1.2,0.06,0.05,1,0,0,60781.5,0,0,0,0,0,-553,-371,-354,-357,0,0,0,0,0,0,-553,-371,0,60781.5,0,0,0,0,0,-371,-354,3,13072.185,31500,12,-607,0,-631,-541,-481,15,0,1,0.411687891,0,180,-625.6666667,69.66666667,8206.74,76477.5,76477.5,6,0,31705.785,-1877,0,0,0,0,0,0,0,0,0,0,1,0,0,0,0,0,0,1,0,0,0,0,0,0,1,0,0,0,0,0,1,0,0,0,0,0,0,0,0,0,0,0,1,0,0,0,0,0,0,0,0,0,0,1,0,0,0,0,0,1,0,0,0,0,0,0,0,0,0,1,0,0,0,0,0,0,0,0,0,0,0,0,0,0,0,0,0,0,0,0,0,0,0,0,0,0,0,0,0,0,0,0,0,0,0,0,0,0,0,0,0,0,0,0,0,0,0,0,0,0,0,0,0,0,0,0,0,0,0
100080,0,0,1,157500,450000,22500,0.010966,0,1,1,0,1,0,0,10,0,0,0,0,0.41150641,0.123888292,0.832785025,0.2175,0.1455,0.9891,0.8504,0.0443,0.2069,0.3333,0.375,0.1343,0.1774,0,0.0039,0,0,0,-1711,0,0,0,0,0,0,0,0,0,0,0,0,0,0,0,0,0,0,0,0,0,0,0,0,0,5,33,9,22,11,2.857142857,0.142857143,0.05,1,0,0,30150,0,0,0,0,0,-1802,-1651,-1516,-1652,0,0,0,0,0,0,-1802,-1651,0,30150,0,0,0,0,0,-1651,-1516,7,31778.73,3091.5,42,-182,0,-359,-1174,871,15,1,1,0.104264974,0,25,-725.7142857,2.714285714,6084.495,0,30915,6,0,66201.3,-5080,2,0,1,0,0,0,0,0,0,0,1,0,1,0,0,0,0,0,0,0,0,0,1,0,0,0,0,0,0,1,0,0,0,0,0,0,0,0,0,0,0,0,0,0,0,0,0,0,1,0,0,0,0,1,0,0,0,0,1,0,0,0,0,0,0,0,0,0,0,0,0,0,0,0,0,0,0,0,0,0,0,0,0,0,0,0,0,0,0,0,1,0,0,0,0,0,0,0,0,0,0,0,0,0,0,0,0,0,0,0,0,0,0,0,0,0,0,0,0,0,0,0,0,0,0,1,0,0,0
100081,1,0,0,180000,450000,21109.5,0.01452,20,1,1,0,1,0,0,9,0,0,0,0,0,0.645438493,0,0.067,0,0.9752,0.66,0.0068,0.1379,0.1667,0.2083,0.0483,0.0538,0.0039,0.0465,0,1,0,-2519,0,0,0,0,0,0,1,0,0,0,0,0,0,0,0,0,0,0,0,0,0,0,0,0,0,0,30,0,13,10,2.5,0.117275,0.04691,0,0,0,0,0,0,0,0,0,0,0,0,0,0,0,0,0,0,0,0,0,0,0,0,0,0,0,0,0,0,1,6075.63,4680,10,-2519,0,-2484,-2214,-2214,12,1,1,0.101483249,0,18,-2519,18,6075.63,46755,46755,10,1,6075.63,-2519,1,1,0,0,0,0,0,0,0,0,1,0,1,0,0,0,0,0,0,0,0,0,1,0,0,0,0,0,0,1,0,0,0,0,0,0,0,0,0,0,0,0,1,0,0,0,0,0,0,0,0,0,0,1,0,0,0,1,0,0,0,0,0,0,0,0,0,0,0,0,0,0,0,0,0,0,0,0,0,0,0,0,0,0,0,0,0,0,0,0,0,0,0,0,0,1,0,0,0,0,0,0,0,0,0,0,0,0,0,0,0,0,0,0,0,0,0,0,0,0,0,0,0,0,0,0,1,0,0
100082,0,0,2,180000,450000,21109.5,0.01885,0,1,1,1,1,1,0,12,0,0,0,0,0.357706547,0.686504798,0.394495405,0.0722,0.0487,0.9826,0.762,0.0085,0.1379,0.1667,0.2083,0.0176,0.0588,0,0,0,0,0,-1003,0,1,0,0,0,0,0,0,0,0,0,0,0,0,0,0,0,0,0,0,0,0,0,1,0,2,33,8,4,10,2.5,0.117275,0.04691,17,0,31707,3600000,2188683,0,0,1,0,-65,10802,-47,-105,0,238475.241,0,0,0.058823529,0,-1133.411765,2357.529412,0,59395.5,0,0,0,0,0,-1469,-1517,15,38833.695,46327.5,48,-37,-2678,-666,-576,24,20,0,1,0.191540238,0,1500,-1138.666667,114.6666667,6750,0,76450.5,0,0,286278.795,-17080,0,1,0,0,0,0,0,0,0,0,1,0,1,0,0,0,0,0,0,1,0,0,0,1,0,0,0,0,0,1,0,0,0,0,0,0,0,0,0,0,0,0,1,0,0,0,0,0,0,0,0,0,0,1,0,0,1,0,0,0,0,0,0,0,0,0,0,1,0,0,0,0,0,0,0,0,0,0,0,0,0,0,0,0,0,0,0,0,0,0,0,0,0,0,0,0,0,0,0,0,0,0,0,0,0,0,0,0,0,0,0,0,0,0,0,0,0,0,0,0,0,0,0,0,0,1,0,0,0
100083,1,1,0,103500,573628.5,24435,0.009657,22,1,1,0,1,0,0,18,0,0,0,0,0.270766163,0.707126316,0.597192427,0.1464,0.1291,0.9861,0.8096,0.108,0.0345,0.3333,0.375,0,0.1194,0,0,0,2,1,-2053,0,1,0,0,0,0,0,0,0,0,0,0,0,0,0,0,0,0,0,0,0,0,0,0,0,3,42,2,1,11,5.542304348,0.236086957,0.042597256,2,0,0,2153641.5,1756003.5,0,0,0,0,-494,1332,-32,-525,0,878001.75,0,0,0,0,-1229,414.5,0,1084239,0,0,0,0,0,-503,-525,3,11915.1,7231.5,24,-798,0,-768,-78,-78,14,1,1,0.152746473,0,56,-1216.333333,18,4500,0,48181.5,0,0,22461.66,-3649,1,1,0,0,0,0,0,0,0,0,1,0,0,0,0,0,0,1,0,0,0,0,0,1,0,0,0,0,0,1,0,0,0,0,0,0,0,0,0,0,0,0,1,0,0,0,0,0,0,0,0,0,0,1,0,0,1,0,0,0,0,0,0,0,0,0,0,1,0,0,0,0,0,0,0,0,0,0,0,0,0,0,0,0,0,0,0,0,0,0,0,0,0,0,0,0,0,0,0,0,0,0,0,0,0,0,0,0,0,0,0,0,0,0,0,0,0,0,0,0,0,0,0,0,0,0,1,0,0
100084,0,1,2,225000,495351,26140.5,0.02461,0,1,1,0,1,0,0,10,0,0,0,0,0,0.570527051,0.694092643,0.0165,0,0.9727,0.626,0,0.069,0.0417,0,0.0249,0,0,0,0,1,0,-1475,0,1,0,0,0,0,0,0,0,0,0,0,0,0,1,0,0,0,0,0,0,0,0,0,1,0,41,3,0,3,2.20156,0.11618,0.052771671,1,0,0,98100,0,0,0,0,0,-2152,-1788,-988,-991,0,0,0,0,0,0,-2152,-1788,0,98100,0,0,0,0,0,-1788,-988,7,18097.02,15205.5,60,-63,0,-985,-865,-835,19,0,1,0.286552598,0,54,-838.4285714,18,3824.37,0,24705,6,0,64683.81,-5869,0,1,0,0,0,0,0,0,0,0,1,0,0,0,0,0,0,1,0,0,0,0,0,0,1,0,0,0,0,1,0,0,0,0,0,0,0,0,0,0,0,0,1,0,0,0,0,0,0,0,0,0,0,1,0,1,0,0,0,0,0,0,0,0,0,0,0,1,0,0,0,0,0,0,0,0,0,0,0,0,0,0,0,0,0,0,0,0,0,0,0,0,0,0,0,0,0,0,0,0,0,0,0,0,0,0,0,0,0,0,0,0,0,0,0,0,0,0,0,0,0,1,0,0,0,0,0,0,0
100085,0,1,1,157500,755190,28894.5,0.016612,0,1,1,1,1,0,0,12,0,0,0,0,0,0.368718985,0.358951229,0,0,0,0,0,0,0,0,0,0,0,0,0,7,0,-1175,0,1,0,0,0,0,0,0,0,0,0,0,0,0,1,0,0,0,0,0,0,0,0,0,0,0,31,6,9,10,4.794857143,0.183457143,0.038261232,4,0,0,1350000,697500,0,0,0,0,-493,915,-15,-926,0,174375,0,0,0,0,-976.5,-420.5,0,14116.5,0,0,0,0,0,-1296,-1114,3,13608.045,6750,18,-377,0,-1144,-994,-994,19,0,1,0.257063157,0,30,-681.6666667,17.66666667,4550.265,23985,23985,6,0,18158.31,-2045,0,1,0,0,0,0,0,0,0,0,1,0,0,0,0,0,0,1,0,0,0,0,0,1,0,0,0,0,0,1,0,0,0,0,0,0,0,0,1,0,0,0,0,0,0,0,0,0,0,0,0,0,0,1,0,0,0,0,0,0,0,1,0,0,0,1,0,0,0,0,0,0,0,0,0,0,0,0,0,0,0,0,0,0,0,0,0,0,0,0,0,0,0,0,0,0,0,0,0,0,0,0,0,0,0,0,0,0,0,0,0,0,0,0,0,0,0,0,0,0,0,0,0,0,0,0,0,0,0
100086,0,1,1,135000,675000,21775.5,0.019101,0,1,1,0,1,0,0,12,0,0,0,0,0,0.569873237,0.198620045,0,0,0,0,0,0,0,0,0,0,0,0,0,0,0,-1597,0,1,0,0,0,0,0,0,0,0,0,0,0,0,0,0,0,0,0,0,0,0,0,1,4,2,39,7,12,12,5,0.1613,0.03226,6,0,14453.865,297000,202212,0,0,0,0,-218,979,-2,-448,0,80805.6,0,0,0,0,-839.8333333,-92.83333333,0,53572.95,0,0,0,0,0,-1182,-1027,7,21775.5,3600,60,-26,-2478,-2432,-880,0,14,0,1,0.157867861,0,37,-844.4285714,10.14285714,5625,0,24835.5,0,0,33450.48,-5911,0,1,1,0,0,0,0,0,0,0,1,0,1,0,0,0,0,0,0,1,0,0,0,0,0,0,0,1,0,1,0,0,0,0,0,0,0,0,0,0,0,0,1,0,0,0,0,0,0,0,0,0,0,1,0,0,0,0,0,1,0,0,0,0,0,0,0,0,0,0,0,0,0,0,0,0,0,0,0,0,0,0,0,0,0,0,0,0,0,0,0,0,0,0,0,0,0,0,0,0,0,0,0,0,1,0,0,0,0,0,0,0,0,0,0,0,0,0,0,0,0,0,0,0,0,0,0,0,0
100087,0,1,1,202500,1288350,37800,0.003069,0,1,1,0,1,0,0,11,0,0,0,0,0,0.572064147,0.191821602,0,0,0,0,0,0,0,0,0,0,0,0,0,2,1,-1230,0,1,0,0,0,0,0,0,0,0,0,0,0,0,0,0,0,0,0,0,0,0,0,0,0,3,48,6,4,3,6.362222222,0.186666667,0.029339853,6,0,10404.18,194715,167380.515,0,0,0,0,-15,531,-9,-276,0,47624.7525,0,0,0,0,-399,39.2,0,0,0,0,0,0,0,-277,-407,5,18734.805,65160,36,-408,0,-378,-48,94,14,1,1,0.435636364,0,158,-784.6,51.6,6797.16,31401,31401,6,0,60491.835,-3923,2,1,1,0,0,0,0,0,0,0,1,0,0,0,0,0,0,1,0,0,0,0,0,1,0,0,0,0,0,1,0,0,0,0,0,0,1,0,0,0,0,0,0,0,0,0,0,0,0,0,0,0,0,0,1,1,0,0,0,0,0,0,0,0,0,0,0,0,0,0,0,0,0,0,0,0,0,0,0,0,0,0,0,0,0,0,0,0,0,0,0,0,0,0,0,0,0,0,0,0,0,0,0,0,1,0,0,0,0,0,0,0,0,0,0,0,0,0,0,0,0,0,0,0,0,0,0,0,0
100088,0,0,0,112500,135000,6750,0.0228,0,1,1,0,1,0,0,15,0,0,0,0,0,0.58517403,0.408358853,0,0,0,0,0,0,0,0,0,0,0,0,0,0,0,-1537,0,0,0,0,0,0,0,0,0,0,0,0,0,0,0,0,0,0,0,0,0,0,0,0,0,2,53,11,13,8,1.2,0.06,0.05,5,0,0,675000,403969.5,0,0,0,0,-851,1222,-28,-418,0,100992.375,0,0,0,0,-1408.2,64.5,0,135000,0,0,0,0,0,-910,-856,2,25546.77,15390,42,-419,0,-389,-1235,841,8,1,1,0.108909091,0,152,-978,75.5,15388.47,153900,153900,10,0,40935.24,-1956,1,0,1,0,0,0,0,0,0,0,1,0,1,0,0,0,0,0,0,1,0,0,0,1,0,0,0,0,0,1,0,0,0,0,0,0,0,0,0,0,0,0,0,0,0,0,0,0,0,0,0,0,0,1,0,0,0,0,0,1,0,0,0,0,0,0,0,0,0,0,0,0,0,0,0,0,0,0,0,0,0,0,0,0,0,0,0,0,0,0,0,0,0,0,0,0,0,0,0,0,0,1,0,0,0,0,0,0,0,0,0,0,0,0,0,0,0,0,0,0,0,0,0,0,0,0,0,0,0
100089,0,1,0,135000,337761,15781.5,0.025164,0,1,1,0,1,1,0,12,0,0,0,0,0,0.550057993,0.53527625,0.0722,0.0752,0.6508,0.6736,0.008,0.1379,0.1667,0.2083,0.0671,0.0664,0.0039,0.0029,0,2,0,-92,0,1,0,0,0,0,0,0,0,0,0,0,0,0,0,0,0,0,0,0,0,0,0,0,0,3,26,8,12,6,2.501933333,0.1169,0.046723867,1,0,9283.5,116545.5,0,0,0,0,0,-599,-265,-261,-265,0,0,0,0,0,0,-599,-265,0,116545.5,0,0,0,0,0,-265,-261,4,23140.62,36000,48,-92,0,-1761,-1491,-1491,16,0,1,0.283802191,0,22,-786.25,4.75,13657.455,0,138150,10,0,52454.34,-3145,0,1,0,0,0,0,0,0,0,0,1,0,0,0,0,0,0,1,0,0,0,0,1,0,0,0,0,0,0,1,0,0,0,0,0,0,0,0,0,0,0,0,1,0,0,0,0,0,0,0,0,0,0,1,0,0,0,0,0,0,1,0,0,0,0,0,0,0,0,0,0,0,0,0,0,0,0,0,0,0,0,0,0,0,0,0,0,0,0,0,0,0,0,0,0,0,0,0,0,0,0,0,0,0,1,0,0,0,0,0,0,0,0,0,0,0,0,0,0,0,0,0,0,0,0,1,0,0,0
100093,0,1,1,94500,585000,28273.5,0.028663,0,1,1,0,1,1,0,16,0,0,0,0,0.592700994,0.488599915,0,0,0,0,0,0,0,0,0,0,0,0,0,0,0,0,0,0,1,0,0,0,0,0,0,0,0,0,0,0,0,0,0,0,0,0,0,0,0,0,0,0,3,50,2,5,5,6.19047619,0.299190476,0.048330769,1,0,0,90000,0,0,0,0,0,-557,-174,-174,-174,0,0,0,0,0,0,-557,-174,0,90000,0,0,0,0,0,-174,-174,10,35429.625,9900,60,-343,0,-466,-316,-316,16,1,1,0.202243539,0,1200,-1191,312.1,2449.215,0,24025.5,6,0,76455.45,-11910,1,1,1,0,0,0,0,0,0,0,1,0,0,0,0,0,0,1,0,0,0,0,0,1,0,0,0,0,0,1,0,0,0,0,0,0,0,1,0,0,0,0,0,0,0,0,0,0,0,0,0,0,0,1,0,0,0,0,0,0,1,0,0,0,0,0,0,0,0,0,0,0,0,0,0,0,0,0,0,0,0,0,0,0,0,0,0,0,0,0,0,0,0,0,0,0,0,1,0,0,0,0,0,0,0,0,0,0,0,0,0,0,0,0,0,0,0,0,0,0,0,0,0,0,0,0,0,0,0
100094,0,1,0,108000,113760,5301,0.030755,0,1,0,0,1,0,0,10,0,0,0,0,0,0.582735477,0.452533559,0.1474,0.0669,0.9578,0,0,0.3103,0.2083,0,0.0663,0,0,0.0427,0,3,0,-260,0,1,0,0,0,0,0,0,0,0,0,0,0,0,0,0,0,0,0,0,0,0,0,0,0,0,63,0,35,9,1.053333333,0.049083333,0.046598101,4,0,0,693000,543901.5,4500.405,0,0,0,-246,1355,-13,-530,0,152833.8938,1141.48125,0,0,0,-527.25,645,0,4500,-0.405,0,0,0,0,-379,-530,1,4966.47,17442,16,-260,0,-173,0,277,13,0,1,0.217829422,0,30,-260,30,4966.47,87205.5,87205.5,16,0,4966.47,-260,0,1,1,0,0,0,0,0,0,0,1,0,0,0,0,0,0,0,0,1,0,0,0,0,0,1,0,0,0,1,0,0,0,0,0,0,0,0,0,0,0,0,0,0,0,0,0,0,0,0,0,0,0,1,0,0,0,0,0,1,0,0,0,0,0,0,0,0,0,0,0,0,0,0,0,0,0,0,0,0,0,0,0,0,0,0,0,0,0,0,0,0,0,0,0,0,0,0,0,0,0,0,0,0,0,0,0,0,0,0,0,0,0,0,0,0,0,0,0,0,0,0,0,0,0,0,1,0,0
100095,0,1,2,67500,135000,6750,0.020246,0,1,1,0,1,1,0,8,0,0,0,0,0.586697592,0.304506115,0,0,0,0,0,0,0,0,0,0,0,0,0,0,0,0,-1040,0,0,0,0,0,0,0,0,0,0,0,0,0,0,0,0,0,0,0,0,0,0,0,0,0,0,51,4,28,6,2,0.1,0.05,0,0,0,0,0,0,0,0,0,0,0,0,0,0,0,0,0,0,0,0,0,0,0,0,0,0,0,0,0,0,3,5290.695,0,10,-401,0,-564,-414,-294,12,0,1,0,0,35,-533.6666667,23,5290.695,0,48145.5,10,0,5290.695,-1601,0,0,1,0,0,0,0,0,0,0,1,0,0,0,0,0,0,1,0,0,0,0,0,1,0,0,0,0,0,1,0,0,0,0,0,0,0,0,0,0,0,0,0,0,0,0,0,0,1,0,0,0,0,0,1,0,0,0,0,1,0,0,0,0,0,0,0,0,0,0,0,0,0,0,0,0,0,0,0,0,0,0,0,0,0,0,0,0,0,0,0,0,0,0,0,0,0,0,0,0,0,0,0,0,0,0,0,0,0,0,0,0,0,1,0,0,0,0,0,0,0,0,0,0,0,0,0,0,0
100096,0,1,0,81000,252000,14593.5,0.028663,0,1,0,0,1,0,0,10,0,0,0,0,0,0.023952367,0.72094415,0,0,0,0,0,0,0,0,0,0,0,0,0,1,1,0,0,0,0,0,1,0,0,0,0,0,0,0,0,0,0,0,0,0,0,0,0,0,0,0,0,0,68,0,15,12,3.111111111,0.180166667,0.057910714,1,0,0,65610,0,0,0,0,0,-2922,-2610,-1647,-1647,0,0,0,0,0,0,-2922,-2610,0,65610,0,0,0,0,0,-2610,-1647,0,0,0,0,0,0,0,0,0,0,0,0,0,0,0,0,0,0,0,0,0,0,0,0,0,1,1,0,0,0,0,0,0,0,1,0,0,0,0,0,0,0,0,0,0,0,0,1,0,0,0,0,0,1,0,0,0,0,0,0,0,0,0,0,0,0,0,0,0,0,0,0,0,0,0,0,0,1,0,0,0,0,0,1,0,0,0,0,0,0,0,0,0,0,0,0,0,0,0,0,0,0,0,0,0,0,0,0,0,0,0,0,0,0,0,0,0,0,0,0,0,0,0,0,0,0,0,0,0,0,0,0,0,0,0,0,0,0,0,0,0,0,0,0,0,0,0,0,0,0,0,0,1
100097,1,1,0,157500,760225.5,30280.5,0.035792,20,1,1,0,1,0,0,10,0,0,0,1,0,0.357342234,0.644679455,0,0,0,0,0,0,0,0,0,0,0,0,0,6,0,-371,0,1,0,0,0,0,0,0,0,0,0,0,0,0,0,0,0,0,0,0,0,0,1,0,0,0,48,7,10,3,4.826828571,0.192257143,0.039830945,3,0,0,126810.18,86526,0,0,0,0,-87,97,-18,-969,0,86526,0,0,0,0,-1643,-1372,0,80055,86526,0,0,0,0,-2400,-2326,2,10080.72,6745.5,12,-371,0,-338,-38,-8,9,0,1,0.108909091,0,126,-1402,73,6744.825,67455,67455,10,0,16825.545,-2804,0,1,0,0,0,0,0,0,0,0,1,0,0,0,0,0,0,1,0,0,0,0,0,1,0,0,0,0,0,1,0,0,0,0,0,0,0,0,0,0,0,0,0,0,0,0,0,0,0,0,0,0,0,1,0,0,0,0,0,1,0,0,0,0,0,0,0,1,0,0,0,0,0,0,0,0,0,0,0,0,0,0,0,0,0,0,0,0,0,0,0,0,0,0,0,0,0,0,0,0,0,0,0,0,0,0,0,0,0,0,0,0,0,0,0,0,0,0,0,0,0,0,0,0,0,0,0,0,0
100098,1,0,0,225000,270000,13500,0.01885,1,1,1,0,1,0,0,9,0,0,0,0,0,0.597081153,0,0,0,0,0,0,0,0,0,0,0,0,0,0,0,0,-617,0,0,0,0,0,0,0,0,0,0,0,0,0,0,0,0,0,0,0,0,0,0,0,0,0,0,48,3,20,2,1.2,0.06,0.05,0,0,0,0,0,0,0,0,0,0,0,0,0,0,0,0,0,0,0,0,0,0,0,0,0,0,0,0,0,0,7,12985.83,4500,48,-141,0,-111,-137,1299,18,1,1,0.221494999,0,120,-912.4285714,23,2056.995,0,22126.5,6,1,30610.08,-6387,3,0,0,0,0,0,0,0,0,0,1,0,0,0,0,0,0,1,0,0,0,0,1,0,0,0,0,0,0,1,0,0,0,0,0,0,0,0,1,0,0,0,0,0,0,0,0,0,0,0,0,0,0,1,0,0,0,0,0,0,0,1,0,0,0,0,0,0,0,0,0,0,0,0,0,0,0,0,0,0,0,0,0,0,0,0,0,0,0,0,0,0,0,0,0,0,0,0,0,0,0,0,0,0,0,0,0,0,0,0,0,0,0,0,0,0,1,0,0,0,0,0,0,0,0,0,0,0,0
100099,0,1,0,360000,733315.5,41076,0.009175,0,1,0,0,1,0,0,12,1,0,0,0,0,0.660578982,0.342528872,0.0454,0.0108,0.9742,0,0,0.1034,0.125,0,0.0292,0,0,0.0148,0,4,0,0,0,1,0,0,0,0,0,0,0,0,0,0,0,0,0,0,0,0,0,0,0,0,0,0,0,3,63,0,26,2,2.0369875,0.1141,0.056014089,10,9675,0,613350,94864.5,0,0,0,0,-162,1664,-5,-350,4271.25,37107,0,0,0,0,-719,254.3333333,0,0,0,0,0,0,0,-651,-646,12,66893.04,4.455,60,-421,0,-770,-440,-440,16,0,1,0.000128357,0,1655,-691.1666667,306,2904.345,29516.4,29516.4,12,0,351954.09,-8294,0,1,1,0,0,0,0,0,0,0,1,0,0,0,0,0,0,0,0,0,0,0,0,0,1,0,0,0,0,1,0,0,0,0,0,0,0,0,0,0,0,0,0,0,0,0,0,0,0,0,0,0,0,1,0,0,0,0,0,1,0,0,0,0,0,0,0,0,0,0,0,0,0,0,0,0,0,0,0,0,0,0,0,0,0,0,0,0,0,0,0,0,0,0,0,0,0,0,0,0,0,0,0,0,0,0,0,0,0,0,0,0,0,0,0,0,0,0,0,0,0,0,0,0,0,0,1,0,0
100100,1,1,2,202500,796396.5,38443.5,0.008019,65,1,1,0,1,0,1,17,0,0,0,1,0.447675139,0.495765141,0.824594971,0,0,0,0,0,0,0,0,0,0,0,0,0,0,0,-1876,0,1,0,0,0,0,0,0,0,0,0,0,0,0,0,0,0,0,0,0,0,0,0,0,0,2,44,3,9,11,3.932822222,0.189844444,0.048271809,5,19819.485,0,1800000,0,0,0,0,0,-443,-367,-203,-205,9909.7425,0,0,0,0,0,-1866.4,-1237.6,0,4500,0,0,0,0,0,-2616,-850,5,35157.825,0,30,-503,-2866,-469,-139,191,14,1,1,0,0,8025,-1169.6,3216.6,4500,0,40455,0,0,67455.99,-5848,1,1,0,0,0,0,0,0,0,0,1,0,0,0,0,0,0,1,0,1,0,0,0,1,0,0,0,0,0,1,0,0,0,0,0,0,0,0,0,0,0,0,0,0,1,0,0,0,0,0,0,0,0,1,0,1,0,0,0,0,0,0,0,0,0,0,0,0,0,0,0,0,0,0,0,0,0,0,1,0,0,0,0,0,0,0,0,0,0,0,0,0,0,0,0,0,0,0,0,0,0,0,0,0,0,0,0,0,0,0,0,0,0,0,0,0,0,0,0,0,0,0,0,0,0,0,0,0,0
100101,1,1,0,202500,343377,22072.5,0.072508,5,1,1,0,1,0,0,13,0,0,0,0,0,0.71621221,0,0,0,0,0,0,0,0,0,0,0,0,0,0,0,0,-1585,0,0,0,0,0,0,1,0,0,0,0,0,0,0,0,0,0,0,0,0,0,0,0,0,0,0,50,3,20,5,1.695688889,0.109,0.064280659,0,0,0,0,0,0,0,0,0,0,0,0,0,0,0,0,0,0,0,0,0,0,0,0,0,0,0,0,0,0,5,33952.005,0,12,-182,-407,-377,-337,-277,17,1,1,0,0,1200,-831,240.6,7814.25,0,36216,0,0,82248.255,-4155,1,1,1,0,0,0,0,0,0,0,1,0,0,0,1,0,0,0,0,1,0,0,0,0,0,1,0,0,0,1,0,0,0,0,0,0,0,0,0,0,1,0,0,0,0,0,0,0,0,0,0,0,1,0,0,0,0,0,0,0,0,1,0,0,0,1,0,0,0,0,0,0,0,0,0,0,0,0,0,0,0,0,0,0,0,0,0,0,0,0,0,0,0,0,0,0,0,0,0,0,0,0,0,0,0,0,0,0,0,0,0,0,0,0,0,0,0,0,0,0,0,0,0,0,0,0,0,0,0
100102,0,0,1,126000,327024,10264.5,0.02461,0,1,1,0,1,1,0,13,0,0,0,0,0.414794069,0.661108308,0.477649155,0.0041,0,0.9722,0.6192,0,0.0345,0,0.0417,0.0144,0.0034,0,0,0,1,0,-2,0,1,0,0,0,0,0,0,0,0,0,0,0,0,1,0,0,0,0,0,0,0,0,6,0,0,39,1,19,16,2.595428571,0.081464286,0.031387605,5,0,0,666000,628834.5,0,0,0,0,-211,1615,-16,-210,0,138862.8,0,0,0,0,-697.8,802,0,0,0,0,0,0,0,216,-336,0,0,0,0,0,0,0,0,0,0,0,0,0,0,0,0,0,0,0,0,0,0,0,0,0,1,1,0,0,0,0,0,0,0,1,0,0,0,0,0,0,1,0,0,0,0,0,0,0,1,0,0,0,1,0,0,0,0,0,0,0,0,0,0,0,0,1,0,0,0,0,0,0,0,0,0,0,1,0,0,0,0,1,0,0,0,0,0,0,0,0,0,0,0,0,0,0,0,0,0,0,0,0,0,0,0,0,0,0,0,0,0,0,0,0,0,0,0,0,0,0,0,0,0,0,0,0,0,0,0,0,0,0,0,0,0,0,0,0,0,0,1,0,0,0,0,0,0,1,0,0,0,0
100103,0,1,0,72000,450000,16965,0.009175,0,1,1,1,1,0,0,12,0,0,0,0,0,0.718057537,0.511891802,0,0,0,0,0,0,0,0,0,0,0,0,0,4,0,0,0,1,0,0,0,0,0,0,0,0,0,0,0,0,0,0,0,0,0,0,0,0,0,0,0,0,58,5,17,11,6.25,0.235625,0.0377,3,0,20520,252000,12307.5,239689.8,0,0,0,-720,-1467,-19,-1467,0,4102.5,79896.6,0,0,0,-1584,-1696,0,82549.35,0,0,0,0,0,-1925,-2012,2,9000,0,12,-4,0,-369,-39,-39,18,0,1,0,0,25,-203,20,4704.345,45585,45585,0,0,13704.345,-406,0,1,1,0,0,0,0,0,0,0,1,0,0,0,0,0,0,1,0,0,0,0,0,1,0,0,0,0,0,1,0,0,0,0,0,0,0,0,0,0,0,0,0,0,0,0,0,0,0,0,0,0,0,1,0,1,0,0,0,0,0,0,0,0,0,0,0,0,0,0,0,0,0,0,0,0,0,0,0,0,0,0,0,0,0,0,0,0,0,0,0,0,0,0,0,0,0,0,0,0,0,1,0,0,0,0,0,0,0,0,0,0,0,0,0,0,0,0,0,0,0,0,0,0,0,0,0,0,0
100104,0,1,0,90000,547344,30690,0.022625,0,1,1,0,1,1,0,17,0,0,0,0,0.763137062,0.644627372,0,0,0,0,0,0,0,0,0,0,0,0,0,0,1,0,-2591,0,1,0,0,0,0,0,0,0,0,0,0,0,0,0,0,0,0,0,0,0,0,0,0,0,1,51,2,19,6,6.0816,0.341,0.056070771,1,0,0,765000,0,0,0,0,0,-2283,-457,-435,-440,0,0,0,0,0,0,-2283,-457,0,765000,0,0,0,0,0,-457,-435,1,2950.2,2952,10,-2591,0,-2560,-2290,-2290,11,0,1,0.10895892,0,1099,-2591,1099,2950.2,29506.5,29506.5,10,0,2950.2,-2591,0,1,1,0,0,0,0,0,0,0,1,0,0,0,0,0,0,1,0,0,0,0,0,1,0,0,0,0,0,1,0,0,0,0,0,0,0,0,0,0,0,0,0,0,0,0,0,0,0,0,0,1,0,1,0,0,0,0,0,0,0,1,0,0,0,0,0,1,0,0,0,0,0,0,0,0,0,0,0,0,0,0,0,0,0,0,0,0,0,0,0,0,0,0,0,0,0,0,0,0,0,0,0,0,0,0,0,0,0,0,0,0,0,0,0,0,0,0,0,0,0,0,0,0,0,0,0,0,0
100105,0,1,0,193500,225000,23755.5,0.031329,0,1,1,1,1,1,0,11,0,0,0,0,0.765153942,0.254759957,0.411848556,0,0,0,0,0,0,0,0,0,0,0,0,0,0,0,-1733,0,1,0,0,0,0,0,0,0,0,0,0,0,0,0,0,0,0,0,0,0,0,0,0,2,4,54,24,12,8,1.162790698,0.122767442,0.10558,6,0,10080,699300,18774,0,0,0,0,-175,7,-13,-13,0,3754.8,0,0,0,0,-993.8333333,-663.6666667,0,30600,0,0,0,0,0,-1632,-1660,14,42536.115,40500,10,-321,0,-291,-141,-141,14,1,1,0.555879214,0,320,-971.2857143,151.5,7416.18,24390,24390,3,0,289712.025,-13598,2,1,1,0,0,0,0,0,0,0,1,0,0,0,0,0,0,1,0,0,0,0,0,1,0,0,0,0,0,1,0,0,0,0,0,0,0,0,0,0,0,0,0,0,1,0,0,0,0,0,0,0,0,1,0,0,0,0,0,0,1,0,0,0,0,0,0,0,0,0,0,0,0,1,0,0,0,0,0,0,0,0,0,0,0,0,0,0,0,0,0,0,0,0,0,0,0,0,0,0,0,0,0,0,0,0,0,0,0,0,0,0,0,0,0,0,0,0,0,0,0,0,0,0,0,0,0,0,0
100108,0,1,3,171000,545040,31288.5,0.006629,0,1,1,1,1,1,0,11,0,0,0,1,0,0.75666798,0.641368257,0,0,0,0,0,0,0,0,0,0,0,0,0,3,0,-546,0,1,0,0,0,0,0,0,0,0,0,0,0,0,0,0,0,0,0,0,0,0,0,0,0,0,35,4,14,2,3.187368421,0.182973684,0.057405878,3,0,0,288000,40878,0,0,0,0,-982,-302,-7,-1976,0,20439,0,0,0,0,-1913,-1288.5,0,135661.5,0,0,0,0,0,-2275,-1975,1,25269.66,22500,6,-546,0,-494,-344,-344,9,0,1,0.168537745,0,15,-546,15,25269.66,125955,125955,6,0,25269.66,-546,0,1,1,0,0,0,0,0,0,0,1,0,0,0,0,0,0,1,0,0,0,0,0,1,0,0,0,0,0,1,0,0,0,0,0,0,0,0,0,0,0,0,0,0,0,0,0,0,1,0,0,0,0,1,0,0,0,0,0,0,0,1,0,0,0,0,0,1,0,0,0,0,0,0,0,0,0,0,0,0,0,0,0,0,0,0,0,0,0,0,0,0,0,0,0,0,0,0,0,0,0,0,0,0,0,0,0,0,0,0,0,0,0,0,0,0,0,0,0,0,0,0,0,0,0,0,0,0,0
100110,1,1,3,135000,373140,25065,0.035792,21,1,1,0,1,0,0,9,0,0,0,1,0,0.640549301,0.328063161,0,0,0,0,0,0,0,0,0,0,0,0,0,0,0,0,0,1,0,0,0,0,0,0,0,0,0,0,0,0,0,0,0,0,0,0,0,0,0,0,1,2,29,2,1,7,2.764,0.185666667,0.067173179,1,0,0,65511,52820.595,0,0,0,0,-86,218,-20,0,0,52820.595,0,0,0,0,-86,218,0,65511,52820.595,0,0,0,0,218,-20,4,10430.145,13621.5,24,-59,0,-128,-321,562,17,1,1,0.086345683,0,60,-200.5,51.25,2250,38029.5,38029.5,0,0,27615.51,-802,1,1,0,0,0,0,0,0,0,0,1,0,1,0,0,0,0,0,0,0,0,0,0,1,0,0,0,0,0,1,0,0,0,0,0,0,0,0,0,0,0,0,1,0,0,0,0,0,0,0,0,0,0,1,0,0,0,0,0,0,0,1,0,0,0,0,0,0,0,0,0,0,0,0,0,1,0,0,0,0,0,0,0,0,0,0,0,0,0,0,0,0,0,0,0,0,0,0,0,0,0,0,0,0,0,0,0,0,0,0,0,0,0,0,0,0,0,0,0,0,0,0,0,0,0,0,0,0,0
100111,1,0,1,112500,862560,27954,0.0228,17,1,1,0,1,0,0,11,0,0,0,0,0.563323134,0.608604106,0.228883417,0.2619,0.1186,0.9876,0.83,0,0.2759,0.3333,0.375,0.0856,0,0,0.1749,0,1,0,-1234,0,1,0,0,0,0,0,0,0,0,0,0,0,0,0,0,0,0,0,0,0,0,0,0,0,0,29,3,13,9,7.6672,0.24848,0.03240818,12,0,21550.5,900000,62406.81,57334.5,0,1,0,-270,9233,-5,-69,0,13009.03875,8190.642857,0,0.083333333,0,-859.4166667,696,0,24250.5,0,0,0,0,0,-1890,-1886,6,14997.015,14998.5,12,-621,0,-590,-500,-260,18,1,1,0.108909091,0,1800,-1482.333333,970.8333333,5292.45,44991,44991,10,0,61573.14,-8894,1,1,1,0,0,0,0,0,0,0,1,0,1,0,0,0,0,0,0,0,0,0,0,1,0,0,0,0,0,0,0,0,0,1,0,0,0,0,0,0,0,0,0,0,0,0,0,0,1,0,0,0,0,1,0,0,1,0,0,0,0,0,0,0,0,0,0,1,0,0,0,0,0,0,0,0,0,0,0,0,0,0,0,0,0,0,0,0,0,0,0,0,0,0,0,0,0,0,0,0,0,0,0,0,0,0,0,0,0,0,0,0,0,0,0,0,0,0,0,0,0,0,0,0,0,0,1,0,0
100112,1,1,0,315000,953460,64107,0.030755,2,1,1,0,1,0,0,13,0,0,0,1,0,0.432340212,0.077498546,0,0,0,0,0,0,0,0,0,0,0,0,0,0,0,-591,0,1,0,0,0,0,0,0,0,0,0,0,0,0,0,0,0,0,0,0,0,0,0,0,0,2,28,6,13,3,3.026857143,0.203514286,0.067236171,2,0,0,112500,85648.5,0,0,0,0,-271,31070,-53,0,0,42824.25,0,0,0,0,-288,15931.5,0,18000,0,0,0,0,0,793,-56,4,20723.58,30370.5,12,-411,0,-374,-104,-104,21,0,1,0.482016824,0,1350,-883.5,376,4479.075,0,60736.5,0,0,49047.21,-3534,0,1,0,0,0,1,0,0,0,0,0,0,1,0,0,0,0,0,0,0,1,0,0,0,0,1,0,0,0,0,0,0,0,1,0,0,0,0,0,0,0,0,0,0,0,0,0,0,0,0,0,0,0,1,0,0,0,0,1,0,0,0,0,0,0,0,0,0,0,0,0,0,0,0,0,0,0,0,0,0,0,0,0,1,0,0,0,0,0,0,0,0,0,0,0,0,0,0,0,0,0,0,0,0,0,0,0,0,0,0,0,0,0,0,0,0,0,0,0,0,0,0,0,0,0,0,0,0,1
100113,1,0,0,76500,135000,6696,0.028663,11,1,1,1,1,0,0,10,0,0,0,0,0.475761793,0.593018524,0.789880347,0,0,0,0,0,0,0,0,0,0,0,0,0,0,0,-1981,0,1,0,0,0,0,0,0,0,0,0,0,0,0,0,0,0,0,0,0,0,0,0,0,0,2,41,22,25,13,1.764705882,0.087529412,0.0496,3,3997.485,0,342000,238176,0,0,0,0,-753,1073,-6,-1617,1332.495,133789.5,0,0,0,0,-1178,161,0,43722,0,0,0,0,0,-1616,-1593,4,5755.725,2700,12,-194,0,-164,-1876,166,14,1,1,0.109109124,0,61,-1107.75,19.75,4500,26950.5,26950.5,0,0,20290.5,-4431,1,1,0,0,0,0,0,0,0,0,1,0,0,0,0,0,0,1,0,0,0,0,0,0,0,1,0,0,0,1,0,0,0,0,0,0,0,0,0,0,0,0,0,1,0,0,0,0,0,0,0,0,0,1,0,0,1,0,0,0,0,0,0,1,0,0,0,0,0,0,0,0,0,0,0,0,0,0,0,0,0,0,0,0,0,0,0,0,0,0,0,0,0,0,0,0,0,0,0,0,0,0,0,0,0,0,0,0,0,0,0,0,0,0,0,0,0,0,0,0,0,0,0,0,0,0,0,0,0
100114,0,1,0,135000,284400,22599,0.030755,0,1,1,0,1,0,0,14,0,0,1,1,0.395724267,0.154937074,0.26504943,0,0,0,0,0,0,0,0,0,0,0,0,0,0,0,-227,0,1,0,0,0,0,0,0,0,0,0,0,0,0,0,0,0,0,0,0,0,0,0,0,0,2,29,2,22,4,2.106666667,0.1674,0.079462025,4,0,3316.815,72695.88,45634.5,72695.88,0,0,0,-648,-614,-22,-612,0,11408.625,24202.69875,0,0,0,-880,-692,0,22455,0,0,0,0,0,-770,-624,2,8326.26,0,12,-227,0,-197,0,133,15,1,1,0,0,200,-227,200,2250,45000,45000,0,0,10576.26,-454,1,1,1,0,0,0,0,0,0,0,1,0,1,0,0,0,0,0,0,1,0,0,0,0,0,1,0,0,0,1,0,0,0,0,0,0,0,0,0,0,0,0,1,0,0,0,0,0,0,0,0,0,0,1,0,0,1,0,0,0,0,0,0,0,0,0,0,0,0,0,0,0,0,0,0,0,0,0,0,0,0,0,0,0,0,0,0,0,0,0,0,0,0,0,0,0,0,0,0,0,1,0,0,0,0,0,0,0,0,0,0,0,0,0,0,0,0,0,0,0,0,0,0,0,0,0,0,0,0
100115,0,0,0,90000,315000,14683.5,0.028663,0,1,1,1,1,1,0,11,0,0,0,1,0,0.334300196,0,0.0247,0,0.9707,0,0,0.1034,0.0417,0,0.0671,0,0,0,0,0,0,-40,0,1,0,0,0,0,0,0,0,0,0,0,0,0,0,0,0,0,0,0,0,0,0,0,2,2,42,1,8,12,3.5,0.16315,0.046614286,1,0,3420,18513,0,0,0,0,0,-2899,-2687,-2713,-2713,0,0,0,0,0,0,-2899,-2687,0,18513,0,0,0,0,0,-2687,-2713,4,6750,0,6,-40,-40,-212,-62,-62,13,0,1,0,0,50,-90.75,11.75,6066.315,0,28305,0,0,12816.315,-363,0,1,1,0,0,0,0,0,0,1,0,0,0,0,0,0,0,1,0,0,0,0,0,1,0,0,0,0,0,1,0,0,0,0,0,0,0,0,0,0,0,0,0,0,0,0,0,0,0,0,0,0,0,1,0,0,0,0,1,0,0,0,0,0,0,0,0,1,0,0,0,0,0,0,0,0,0,0,0,0,0,0,0,0,0,0,0,0,0,0,0,0,0,0,0,0,0,0,0,0,0,0,0,0,0,0,0,0,0,0,0,0,0,0,0,0,0,0,0,0,0,1,0,0,0,0,0,0,0
100116,0,1,0,243000,900000,32017.5,0.010006,0,1,1,0,1,0,1,11,0,0,0,1,0.671271893,0.700273575,0.071055125,0.1474,0.4212,0.9975,0.966,0,0.1034,0.375,0.375,0.0135,0.1059,0.0656,0.1969,0,2,0,-1083,0,1,0,0,0,0,0,0,0,0,0,0,0,0,0,0,0,0,0,0,0,0,0,0,0,0,40,18,9,13,3.703703704,0.131759259,0.035575,17,0,28152.855,2372521.5,1225219.5,24472.845,0,0,0,-104,31066,0,-458,0,142965.5188,3059.105625,0,0,0,-1277.058824,1214.411765,0,32443.875,0,0,0,0,0,-2617,-1350,15,40181.22,5490,48,-264,-1703,-717,-160,333,15,1,1,0.110190374,0,2644,-1009,410.5333333,3505.725,0,19125,0,0,293590.035,-15135,1,1,1,0,0,0,0,0,0,0,1,0,0,0,0,0,0,1,0,1,0,0,0,1,0,0,0,0,0,1,0,0,0,0,0,0,0,1,0,0,0,0,0,0,0,0,0,0,0,0,0,0,0,1,0,0,0,0,0,1,0,0,0,0,0,0,0,0,0,0,0,0,0,0,0,0,0,0,0,0,0,0,0,0,0,0,0,0,0,0,1,0,0,0,0,0,0,0,0,0,0,0,0,0,0,0,0,0,0,0,0,0,0,0,0,0,0,0,0,0,0,0,0,0,0,0,1,0,0
